,Countries,Years,GDP_Growth,Market_Size,Life_Exp,Mean_Years_of_Schooling,Internet_Penetration,Gov_Indicator,Trade_Openness,Labour_Force,Domestic_credit_to_private_sector,inflation,GNI,BoT,Child_Mortality,HDI,Pol_Stability,CPI,Urban_pop,Renew_Energy,CO2_emissions,ind_val_add,unemployment_rate
0,Australia,2019,2.160956,1.370287001,1.423510138,1.489048597,,1.468123726,-0.425862381,0.321859596,0.935875307,-0.724271598,1.401841721,0.207443725,-0.909408196,1.54312449,1.089710521,1.351208912,1.24001996,-0.244574888,-0.251598518,-0.729979538,0.991597335
1,Australia,2018,2.949286,1.284190104,1.397221869,1.489048597,,1.450416323,-0.477068711,0.28342095,1.005923743,-0.629394906,1.31389369,-0.041947719,-0.904796124,1.53555694,1.160103983,1.351208912,1.235580955,-0.272436001,-0.249520026,-0.903663623,1.077602391
2,Australia,2017,2.300611,1.206043846,1.35397365,1.489048597,1.367457188,1.444399891,-0.490851942,0.225762981,1.020498469,-0.617640306,1.243722388,-0.01735983,-0.904796124,1.520421838,1.075529446,1.351208912,1.231300486,-0.284291914,-0.24988053,-1.002738278,1.25575572
3,Australia,2016,2.770652,1.155599449,1.345069503,1.451332068,1.367289926,1.459966521,-0.534578216,0.19281557,1.060995663,-0.829608149,1.199748372,-0.353394311,-0.900184053,1.505286737,1.212863163,1.443127885,1.227178553,-0.292837572,-0.251591841,-1.169709118,1.329474339
4,Australia,2015,2.192647,1.109174076,1.336589528,1.413615538,1.301726709,1.518353874,-0.518163386,0.214780511,0.944935134,-0.756588343,1.158581209,-0.264409571,-0.895571982,1.497719186,1.065510861,1.443127885,1.223254789,-0.303272006,-0.255580557,-0.976738474,1.53834376
5,Australia,2014,2.533115,1.135303468,1.319205406,1.338182478,1.283161908,1.49294074,-0.494571837,0.174969056,0.796469748,-0.447450593,1.173083278,-0.136786719,-0.890959911,1.459881433,1.198608763,1.489087372,1.219331026,-0.295747685,-0.258711109,-0.711188416,1.556773414
6,Australia,2013,2.584898,1.092121479,1.292917137,1.300465948,1.265061135,1.432893893,-0.518804956,0.207916467,0.725673568,-0.45945375,1.131448305,-0.23865083,-0.88634784,1.444746331,1.19759705,1.535046859,1.215367628,-0.305281103,-0.257100648,-0.766102443,1.298758248
7,Australia,2012,3.918163,0.956362006,1.275108842,1.526765127,1.117555573,1.608243555,-0.484698422,0.239491069,0.6591712,-0.676298091,0.979878294,-0.115711386,-0.877123697,1.490151636,1.167692466,1.718884806,1.211404231,-0.323153114,-0.253496507,-0.601973624,1.028456645
8,Australia,2011,2.462756,0.918333584,1.248820573,1.489048597,1.133708815,1.660369892,-0.485691871,0.280675332,0.679151135,-0.189952317,0.921870018,0.02713254,-0.867899555,1.452313882,1.111377281,,1.207361566,-0.323279032,-0.254478657,-0.580400104,0.942451589
9,Australia,2010,2.067417,0.800728584,1.214052329,1.451332068,1.018191772,1.649267151,-0.522074545,0.276556906,0.739232825,-0.311615332,0.80445004,-0.20703783,-0.854063341,1.437178781,1.069018948,,1.202684757,-0.336019171,-0.25391885,-0.762776342,1.022313427
10,Bangladesh,2019,8.152685,-0.715524831,-0.368618995,-0.962525841,-1.071760172,-1.003043001,-0.622443041,-0.613023187,-0.784902015,0.532163003,-0.719670632,-0.80183057,0.345075166,-0.817951331,-0.578143734,-0.992724915,-0.69090763,-0.393300989,-0.381593267,-0.12434949,0.41413482
11,Bangladesh,2018,7.863743,-0.733504532,-0.415729965,-1.000242371,-1.118129946,-0.921067693,-0.63412663,-0.628124084,-0.753994394,0.516896352,-0.740254214,-1.098056089,0.414256234,-0.870924186,-0.634835035,-0.992724915,-0.721544692,-0.392948208,-0.38851397,-0.28216397,0.457137347
12,Bangladesh,2017,7.284174,-0.750579069,-0.462319412,-1.000242371,-1.157875466,-0.861227735,-0.628866342,-0.648716216,-0.741747111,0.566901145,-0.75943437,-0.698795608,0.488049372,-0.939032142,-0.870270954,-0.900805941,-0.752221388,-0.393136078,-0.390784677,-0.393756576,0.506283093
13,Bangladesh,2016,7.113478,-0.764341267,-0.508735018,-1.075675431,-1.19430886,-0.883363084,-0.592770227,-0.958971001,-0.785538214,0.50739847,-0.772065204,-0.6308862,0.571066654,-1.01470765,-0.875565497,-0.992724915,-0.782937718,-0.393292777,-0.392664564,-0.451218769,0.493996657
14,Bangladesh,2015,6.55264,-0.777295952,-0.555845988,-1.11339196,-1.224118,-0.840819381,-0.577402981,-0.953479766,-0.802123573,0.72223756,-0.785163847,-0.954041311,0.654083935,-1.097950707,-0.830432593,-1.038684402,-0.813654048,-0.394521726,-0.393936842,-0.524289361,0.512426312
15,Bangladesh,2014,6.061059,-0.785571018,-0.605043054,-1.339691139,-1.25392714,-0.909653743,-0.540425715,-0.946615722,-0.814875238,0.973875718,-0.794520021,-0.851006348,0.746325359,-1.219031519,-0.544318603,-1.038684402,-0.84429111,-0.394569102,-0.396822469,-0.598156345,0.51856953
16,Bangladesh,2013,6.013606,-0.7954804,-0.657369261,-1.22654155,-1.279430516,-0.909601144,-0.528162297,-0.941124487,-0.851777323,1.143905181,-0.803408386,-0.931795126,0.843178853,-1.219031519,-1.206403908,-0.946765428,-0.874928172,-0.39377245,-0.398588993,-0.598721342,0.543142403
17,Bangladesh,2012,6.521459,-0.804572514,-0.713693816,-1.11339196,-1.333418181,-0.877103821,-0.514209725,-0.932887634,-0.828854963,0.729566811,-0.813232368,-0.998533681,0.944644419,-1.249301722,-0.981485287,-0.992724915,-0.905406698,-0.39450917,-0.399047885,-0.740270151,0.315843328
18,Bangladesh,2011,6.464379,-0.818557648,-0.774538243,-1.15110849,-1.349978814,-1.085298835,-0.519567771,-0.924650781,-0.83893749,2.363583124,-0.83007348,-0.8521772,1.050722057,-1.317409678,-1.004674228,,-0.93584559,-0.394054446,-0.400788271,-0.777841039,0.100830689
19,Bangladesh,2010,5.571788,-0.826581745,-0.8397287,-1.301974609,-1.376475828,-1.059095842,-0.606764853,-0.91504112,-0.867619435,1.332081829,-0.838961845,-0.77021757,1.170635907,-1.385517634,-1.023707821,,-0.966086313,-0.394454824,-0.401867776,-0.790449844,-0.101895513
20,China,2019,5.949714,-0.193807584,0.382548915,-0.245911774,0.639586544,-0.390836221,-0.551460129,0.638978425,1.497562647,-0.317644945,-0.179819418,0.049378725,-0.711089135,0.158262711,0.033301926,-0.303332613,0.216829282,5.320619203,3.868524887,1.1445829,0.647577113
21,China,2018,6.749774,-0.245187428,0.346389941,-0.321344834,0.461754488,-0.367026475,-0.537686741,0.704873247,1.353512367,-0.577830881,-0.236424268,0.003715503,-0.683416708,0.112857406,-0.005877421,-0.395251586,0.171012408,4.837210267,3.766066073,1.300682514,0.463280566
22,China,2017,6.947201,-0.301011859,0.305711096,-0.359061364,0.29946028,-0.369559986,-0.524708156,0.76939526,1.298064705,-0.729836034,-0.292093501,0.118458985,-0.651132209,0.075019653,0.056511752,-0.303332613,0.12376871,4.343890159,3.67942821,1.324061753,0.524712748
23,China,2016,6.848762,-0.335083503,0.260512379,-0.359061364,0.263026886,-0.354744644,-0.527121871,0.827053229,1.323438702,-0.601433384,-0.329986004,0.179343281,-0.618847711,0.04474945,-0.186133914,-0.3492921,0.075256726,3.933955979,3.596003077,1.285579488,0.586144931
24,China,2015,7.041329,-0.36129942,0.211489155,-0.396777894,0.166975212,-0.379387205,-0.487533811,0.877847154,1.254335172,-0.77910343,-0.357586716,0.29291591,-0.581951142,-0.008223405,-0.232153401,-0.48717056,0.026269134,3.497718856,3.65100724,1.464550129,0.647577113
25,China,2014,7.425764,-0.380237921,0.15951063,-0.434494424,0.087484171,-0.430188927,-0.439304694,0.921777035,1.019438217,-0.626163052,-0.374427828,0.160609651,-0.540442501,-0.068763811,-0.207099617,-0.533130047,-0.022916628,3.212863569,3.708736833,1.783138935,0.647577113
26,China,2013,7.76615,-0.407874006,0.105967535,-0.472210953,0.017929511,-0.446152678,-0.414939593,0.96158849,0.906954147,-0.405436988,-0.40904567,0.200418614,-0.49893386,-0.121736666,-0.226272354,-0.3492921,-0.07230056,2.617913362,3.698705531,1.938034736,0.647577113
27,China,2012,7.863736,-0.439930398,0.052424439,-0.472210953,-0.097990949,-0.514119159,-0.394957207,0.995908709,0.804373832,-0.40591848,-0.439921043,0.232031614,-0.452813149,-0.182277071,-0.221744688,-0.395251586,-0.12176376,2.385384145,3.63025658,2.114955488,0.647577113
28,China,2011,9.550832,-0.479561308,-0.000597133,-0.509927483,-0.230479992,-0.576659191,-0.370894547,1.026110503,0.693618066,0.520139834,-0.485298485,0.364337873,-0.402080366,-0.250385028,-0.278950976,,-0.171464764,1.74717399,3.526842929,2.272006228,0.586144931
29,China,2010,10.63587,-0.525742335,-0.052575658,-0.547644013,-0.362965059,-0.624611809,-0.35708917,1.053566678,0.759834681,-0.230513606,-0.531611544,0.502498392,-0.346735511,-0.310925434,-0.328683063,,-0.22239442,1.708684948,3.153233742,2.267540196,0.586144931
30,India,2019,4.041554,-0.62533064,-0.878842974,-0.849376252,-0.141052571,-0.354832308,-0.552958914,-1.955630179,-0.69342317,-0.0575857,-0.638271922,-0.382665608,0.506497657,-0.719573172,-0.431517715,-0.303332613,-0.807154076,0.404562042,0.676654756,-0.901020345,1.059172736
31,India,2018,6.532989,-0.639567758,-0.920564867,-0.849376252,-0.833906418,-0.292967295,-0.519138939,-1.944647709,-0.688737854,0.012409621,-0.653709609,-0.521996978,0.598739081,-0.742275824,-0.62700063,-0.303332613,-0.824672293,0.315439833,0.666079763,-0.587956585,1.096032046
32,India,2017,6.795383,-0.661306817,-0.964199013,-0.849376252,-0.896217457,-0.344224874,-0.544852723,-1.877380078,-0.718733309,-0.18227616,-0.676164425,-0.456429274,0.700204647,-0.757410925,-0.426094335,-0.3492921,-0.841714902,0.229597936,0.609479599,-0.571330339,1.145177792
33,India,2016,8.256306,-0.676451305,-1.01078846,-0.887092781,-0.952523611,-0.379466103,-0.536654816,-1.808739639,-0.71289389,0.328992667,-0.694876772,-0.293680867,0.810894355,-0.833086433,-0.597007804,-0.3492921,-0.858281903,0.161394123,0.582337033,-0.554440049,1.206609974
34,India,2015,7.996254,-0.693006203,-1.061202414,-0.962525841,-1.005517638,-0.440691164,-0.522003408,-1.7400992,-0.660311312,0.315976833,-0.70984665,-0.355736015,0.930808206,-0.878491737,-0.592174002,-0.441211073,-0.874333662,0.130904534,0.52386185,-0.451038481,1.237326065
35,India,2014,7.410228,-0.703202842,-1.117005445,-1.037958901,-1.051887412,-0.507307608,-0.451431432,-1.672831569,-0.660032588,0.865900265,-0.72060625,-0.436524793,1.055334128,-0.939032142,-0.636854483,-0.441211073,-0.889909814,0.160220004,0.494821599,-0.407171708,1.261898938
36,India,2013,6.386106,-0.711001134,-1.178719078,-1.11339196,-1.091632932,-0.585600996,-0.396336537,-1.60419113,-0.650461499,2.258968184,-0.729026806,-0.435353941,1.189084192,-1.029842751,-0.845943723,-0.533130047,-0.905010358,0.141225641,0.431258262,-0.300915343,1.304901466
37,India,2012,5.456389,-0.719657088,-1.245821789,-1.22654155,-1.131378452,-0.582076873,-0.416389611,-1.535550691,-0.659912451,1.706298345,-0.737915171,-0.873252533,1.322834256,-1.082815606,-0.900314049,-0.533130047,-0.919635295,0.074972443,0.392494088,-0.159860551,1.298758248
38,India,2011,5.241315,-0.735880055,-1.317965895,-1.301974609,-1.165493357,-0.602230999,-0.416255839,-1.413370709,-0.671303628,1.562993923,-0.754288475,-0.721041793,1.465808463,-1.150923562,-0.934205091,,-0.933824258,0.091825634,0.318733444,-0.051524486,1.29261503
39,India,2010,8.497585,-0.747222187,-1.393934508,-1.26425808,-1.250615013,-0.542601436,-0.464115852,-1.287072301,-0.685253009,2.551114321,-0.7664515,-0.759679904,1.60878267,-1.219031519,-0.890073955,,-0.947537613,0.011246566,0.281868881,0.028455255,1.29261503
40,Indonesia,2019,5.01816,-0.390756515,-0.520730062,-0.208195245,0.080550234,-0.49683167,-0.552580639,0.607403823,-0.928565936,-0.276191457,-0.403899775,-0.152007793,0.026842254,-0.16714197,-0.180717857,-0.3492921,0.045491611,-0.263424753,-0.164685206,1.196351114,0.045541725
41,Indonesia,2018,5.174292,-0.420190212,-0.556715195,-0.283628304,-0.177332282,-0.351053958,-0.495393037,0.529153722,-0.90859887,-0.223248207,-0.43383953,-0.211721237,0.068350895,-0.212547274,-0.228187466,-0.441211073,0.019333188,-0.259310721,-0.181911659,1.306748425,0.524712748
42,Indonesia,2017,5.069786,-0.451495245,-0.596177151,-0.283628304,-0.428021521,-0.355533626,-0.513858294,0.44129396,-0.909988378,-0.030595971,-0.467053946,0.030645096,0.109859536,-0.250385028,-0.184785324,-0.48717056,-0.007063038,-0.307046758,-0.201092807,1.256978994,0.205265399
43,Indonesia,2016,5.033069,-0.470970557,-0.639115933,-0.321344834,-0.656176043,-0.482086459,-0.53820371,0.356179815,-0.897251402,-0.119905611,-0.48716972,0.002544651,0.155980247,-0.280655231,-0.07181428,-0.48717056,-0.033617801,-0.310130359,-0.185443183,1.246941068,0.463280566
44,Indonesia,2015,4.876322,-0.48188602,-0.685531538,-0.321344834,-0.768278614,-0.533940159,-0.491871339,0.400109697,-0.902642652,0.775522004,-0.498864936,-0.041947719,0.20671303,-0.341195636,-0.290709907,-0.533130047,-0.060410368,-0.327409154,-0.211194231,1.351908445,0.592288149
45,Indonesia,2014,5.006668,-0.480518828,-0.735423968,-0.359061364,-0.931326,-0.62455921,-0.435816775,0.442666769,-0.953874776,0.785559105,-0.497929319,-0.174253978,0.257445813,-0.37903339,-0.111479593,-0.62504902,-0.087282202,-0.32399257,-0.249154174,1.618859639,0.309700109
46,Indonesia,2013,5.557264,-0.489820767,-0.787924017,-0.359061364,-1.004192787,-0.670083515,-0.430054282,0.47561418,-0.960820507,0.791109663,-0.505414258,-0.178937386,0.312790668,-0.401736042,-0.204098471,-0.716967994,-0.114233305,-0.323052379,-0.251524709,1.719272969,0.487853439
47,Indonesia,2012,6.030051,-0.505429358,-0.842336318,-0.434494424,-1.018103719,-0.692990314,-0.415048534,0.568965177,-1.010697627,0.117952695,-0.520851944,-0.132103312,0.368135522,-0.447141346,-0.271001929,-0.716967994,-0.141144773,-0.334208745,-0.203041071,1.855278276,0.567715276
48,Indonesia,2011,6.169784,-0.532718369,-0.898660873,-0.434494424,-1.092295357,-0.747395058,-0.376282121,0.505815973,-1.074412848,0.45770006,-0.548920465,-0.149666089,0.428092447,-0.507681752,-0.430897306,,-0.16813551,-0.335549076,-0.210747553,1.900659752,0.985454117
49,Indonesia,2010,6.223854,-0.558764061,-0.957245364,-0.509927483,-1.13734028,-0.790973205,-0.421655492,0.494833503,-1.128190278,0.387688453,-0.575117751,-0.127419904,0.488049372,-0.568222158,-0.506664602,,-0.195126246,-0.321977876,-0.244376563,1.739174211,1.268042157
50,Japan,2019,0.270309,0.928570528,1.67668206,1.526765127,1.572323817,1.154097196,-0.572628344,-0.168233141,1.714965321,-1.082085333,1.084667438,-0.066535608,-0.960140979,1.353935723,1.198296841,1.167370965,1.460939733,0.234300567,0.041195774,,-0.703930902
51,Japan,2018,0.323207,0.906426609,1.6514125,1.526765127,1.524284731,1.117388459,-0.550822139,-0.234127962,1.584408859,-0.923365824,1.059405769,-0.059510497,-0.960140979,1.338800621,1.213870355,1.167370965,1.457689747,0.208572091,0.053411618,-0.206213027,-0.703930902
52,Japan,2017,2.168291,0.874242194,1.63207788,1.526765127,1.539075033,1.205239058,-0.568115435,-0.37278165,1.58165447,-1.085166099,1.022448884,0.022449133,-0.955528907,1.32366552,1.270915981,1.167370965,1.454479395,0.186206194,0.075286925,-0.193365731,-0.458202172
53,Japan,2016,0.521944,0.829994528,1.612107,1.489048597,1.587305228,1.204737615,-0.601344844,-0.430439619,1.485782391,-1.269432096,0.970054312,0.029474244,-0.950916836,1.300962868,1.154082706,1.121411478,1.451387945,0.129341467,0.081813122,-0.2199717,-0.273905624
54,Japan,2015,1.222921,0.848724219,1.578906804,1.413615538,1.516932804,1.243953564,-0.571266686,-0.493588823,1.446958494,-0.98344961,0.999526258,-0.135615867,-0.946304765,1.270692665,1.22838695,1.259289938,1.448375763,0.116425043,0.090068659,-0.213650263,-0.089609077
55,Japan,2014,0.374719,0.795334864,1.543078129,1.413615538,1.452306587,1.353667752,-0.572847793,-0.516926572,1.465930572,-0.36096912,0.936372087,-0.375640497,-0.946304765,1.255557564,1.141111437,1.305249425,1.445323947,0.069228048,0.107017477,-0.402677284,0.033255288
56,Japan,2013,2.000268,0.786281466,1.498600853,1.300465948,1.422914775,1.319255831,-0.609196688,-0.545755557,1.45628304,-1.123280312,0.921870018,-0.358077719,-0.941692694,1.225287361,1.186809961,1.213330451,1.442232497,0.028858625,0.128757932,-0.50920763,0.278984018
57,Japan,2012,1.49509,0.707583386,1.457600401,1.225032889,1.13399697,1.293789221,-0.63985803,-0.591058247,1.397857926,-1.249004731,0.824098004,-0.267922126,-0.937080623,1.187449607,1.122889295,1.213330451,1.439141047,-0.003443629,0.124856183,-0.53612023,0.463280566
58,Japan,2011,-0.11542,0.645042629,1.369831446,1.149599829,1.119347765,1.236612518,-0.631351865,-0.548501174,1.387722932,-1.317075701,0.758604789,-0.388519867,-0.92785648,1.149611854,1.165065808,,1.436009963,0.012063916,0.107482643,-0.517145981,0.598431367
59,Japan,2010,4.191739,0.610268628,1.413545559,1.036450239,1.091389772,1.236253969,-0.628851801,-0.481233544,1.401886551,-1.459831372,0.716502008,-0.607469163,-0.92785648,1.1117741,1.060423724,,1.425824032,0.002189119,0.086401513,-0.295278149,0.954738026
60,Malaysia,2019,4.302816,0.370867437,0.251124953,0.621568411,1.289360553,0.08884688,0.493757736,0.157122542,0.651313871,-1.023411475,0.383890038,0.784673688,-0.678804637,0.529072695,0.395462766,0.248181229,0.862823428,-0.315418006,-0.31932917,0.97622228,-0.144898041
61,Malaysia,2018,4.769927,0.311526359,0.223484199,0.546135352,1.190457138,0.145006672,0.568673505,0.163986585,0.640509318,-0.953408228,0.316525589,0.699201503,-0.688028779,0.491234942,0.492829555,-0.027575692,0.840192429,-0.318566888,-0.319729099,1.10299457,-0.151041259
62,Malaysia,2017,5.812722,0.242734572,0.194105033,0.546135352,1.155329716,-0.080370633,0.60093452,0.111819852,0.580930167,-0.010902201,0.249628948,0.717935132,-0.69264085,0.491234942,0.370629678,-0.027575692,0.816848018,-0.319515473,-0.319844844,1.077474588,-0.083465859
63,Malaysia,2016,4.449781,0.193495353,0.162987455,0.546135352,1.110544132,-0.047839121,0.528538947,0.100837381,0.6724028,-0.572852077,0.199573419,0.692176392,-0.697252921,0.453397188,0.389086712,0.064343282,0.792790195,-0.337409869,-0.320748551,1.016233445,-0.065036204
64,Malaysia,2015,5.091532,0.160640365,0.130305305,0.546135352,0.854707517,0.074113065,0.588339132,0.120056704,0.693764476,-0.568489615,0.166359003,0.795211355,-0.701864992,0.423126985,0.499509938,0.110302768,0.767939693,-0.3509335,-0.326411343,1.125030877,-0.273905624
65,Malaysia,2014,6.006722,0.152066389,0.09675395,0.508418822,0.609655187,0.228435461,0.685532218,0.096718955,0.645768977,-0.24071796,0.150453508,0.998939577,-0.706477064,0.385289232,0.506436874,0.202221742,0.742732486,-0.356680973,-0.323103268,1.334385017,-0.409056426
66,Malaysia,2013,4.693723,0.102195887,0.062681071,0.508418822,0.390792504,0.174912624,0.726593114,0.065144353,0.632863171,-0.568293158,0.098994554,0.913467392,-0.706477064,0.339883928,0.31220644,0.110302768,0.717089305,-0.360503295,-0.325927048,1.328841515,-0.267762406
67,Malaysia,2012,5.473454,0.08046782,0.028782033,0.508418822,0.680354849,0.076043443,0.808710211,-0.13528573,0.523087239,-0.707607468,0.073265076,1.173396503,-0.706477064,0.309613725,0.260667826,0.064343282,0.691129051,-0.369264413,-0.333758392,1.364278758,-0.310764934
68,Malaysia,2011,5.293913,0.023914543,-0.004943163,0.508418822,0.521372768,-0.106238748,0.941934985,-0.275312226,0.41476679,-0.230783067,0.028823252,1.736576243,-0.706477064,0.286911073,0.335368438,,0.664732825,-0.372644622,-0.333078605,1.320167816,-0.304621716
69,Malaysia,2010,7.424847,-0.028882819,-0.037972995,0.395269233,0.365702813,-0.053831007,0.979401482,-0.441422089,0.389995503,-0.72045786,-0.033395302,0.870145873,-0.701864992,0.241505768,0.394988373,,0.637107945,-0.376013637,-0.333453261,1.415941923,-0.181757351
70,Myanmar,2019,1.694424,-0.700396942,-1.31727053,-1.415124199,,-0.671205624,-0.337935367,-0.435930854,-1.146352374,1.552486681,-0.721541867,0.386584059,0.98615306,-1.188761316,-0.935355136,-0.854846454,-0.950629063,,-0.41355178,0.76267183,-1.87114237
71,Myanmar,2018,6.75046,-0.706908608,-1.363686136,-1.415124199,,-0.641233046,-0.285406527,-0.15725067,-1.171762272,0.93622264,-0.728558997,-0.075902423,1.06455827,-1.219031519,-0.88181841,-0.854846454,-0.961449138,,-0.41360901,1.055627087,-1.643843294
72,Myanmar,2017,6.404977,-0.725009356,-1.417403073,-1.415124199,-0.716664419,-0.627680075,-0.330818375,-0.19157089,-1.196777048,0.210432006,-0.747271344,-0.7573382,1.14296348,-1.272004374,-0.715447163,-0.808886968,-0.971635069,,-0.414630033,0.882720938,-1.219961235
73,Myanmar,2016,5.750065,-0.735952808,-1.478769023,-1.452840729,,-0.676526874,-0.384886042,0.036315368,-1.243143624,0.954052383,-0.758030944,-1.156598681,1.225980761,-1.34011233,-0.462094695,-0.900805941,-0.981147223,,-0.413872834,0.701920445,-1.477976402
74,Myanmar,2015,6.99284,-0.739284659,-1.547436305,-1.452840729,,-0.865242781,-0.451270145,0.269692862,-1.308861777,1.751025698,-0.762241222,-1.018438163,1.313610114,-1.385517634,-0.787983124,-1.176562862,-0.990025233,,-0.415300682,0.480934179,-1.705275477
75,Myanmar,2014,7.990916,-0.746822138,-1.622535712,-1.490557259,-1.11746752,-0.905472134,-0.515802241,0.321859596,-1.350423955,0.33059676,-0.771597396,-0.329977274,1.401239466,-1.438490489,-0.717926268,-1.222522349,-0.9982691,,-0.417786843,0.562878633,-1.699132259
76,Myanmar,2013,8.426001,-0.756953133,-1.701981149,-1.528273788,-1.23405438,-1.008671078,-0.525987269,0.378144756,-1.402185336,0.548271469,-0.78048576,-0.005651312,1.498092961,-1.491463344,-0.765655813,-1.222522349,-1.005918457,,-0.419147723,0.260862128,-1.686845822
77,Myanmar,2012,7.33267,-0.769718918,-1.78333884,-1.603706848,-1.366539448,-1.06422423,-0.708005553,0.434429916,-1.469251556,-0.769459193,-0.79498783,-0.015018126,1.60878267,-1.567138851,-0.587817577,-1.49827927,-1.013488546,,-0.419587273,0.262395286,-1.69298904
78,Myanmar,2011,5.591482,-0.781108639,-1.865044213,-1.679139908,-1.466565674,-1.523157961,-0.962998009,0.485223841,-1.517979357,0.352107655,-0.800133725,0.043524466,1.724084449,-1.620111706,-0.739188523,,-1.021058635,,-0.418250516,0.108885006,-1.69298904
79,Myanmar,2010,9.634439,-0.791091701,-1.944663492,-1.754572967,-1.490744199,-1.599049335,-0.527026352,0.526408105,-1.555612106,1.203228323,-0.810893325,0.136021762,1.848610371,-1.703354764,-0.897256306,,-1.02858909,,-0.419085587,-0.575867351,-1.69298904
80,New Zealand,2019,1.633933,1.055531324,1.216173192,1.526765127,,1.770357594,-0.361528035,0.82568042,1.309083488,-0.721474202,1.093555803,-0.100490312,-0.858675413,1.444746331,1.541370745,1.81080378,1.259480242,-0.296706791,-0.409212622,,0.321986546
81,New Zealand,2018,3.205748,1.00510282,1.242461461,1.489048597,,1.774285851,-0.347980807,0.88196558,1.261645698,-0.728207264,1.019174223,-0.122736497,-0.84945127,1.422043679,1.652218909,1.81080378,1.256428426,-0.295168461,-0.409827389,-1.434464206,0.463280566
82,New Zealand,2017,3.613282,0.932458439,1.207693217,1.489048597,1.508753838,1.835717801,-0.353802581,0.89294805,1.260734116,-0.648523827,0.941517982,0.002544651,-0.840227128,1.406908578,1.707657909,1.902722753,1.25357478,-0.298366787,-0.409375773,-1.435375583,0.709009296
83,New Zealand,2016,3.73008,0.829620172,1.199679137,1.451332068,1.431220264,1.87006222,-0.372962424,0.788614583,1.298322937,-1.028666542,0.846552821,-0.012676423,-0.831002985,1.391773476,1.638908414,1.94868224,1.250958937,-0.295683327,-0.410169456,-1.484987439,0.942451589
84,New Zealand,2015,3.707376,0.720310147,1.172627705,1.375899008,1.423029375,1.863418985,-0.342029511,0.652706513,1.248252831,-1.140238744,0.732875312,0.018936577,-0.821778843,1.369070824,1.644577263,1.994641727,1.248620533,-0.299547621,-0.409507992,-1.332003826,1.108318482
85,New Zealand,2014,3.813831,0.712084922,1.163596654,1.300465948,1.332843808,1.843493664,-0.339248482,0.660943366,1.185586536,-0.845224611,0.711823922,0.007228059,-0.817166772,1.331233071,1.592567601,1.994641727,1.246242494,-0.302141539,-0.409668517,-1.298505744,1.120604919
86,New Zealand,2013,2.695784,0.665699281,1.164020826,1.262749418,1.242753962,1.920638644,-0.320665336,0.547000237,,-0.874601226,0.665978671,0.102067059,-0.80794263,1.316097969,1.579908978,1.994641727,1.243864456,-0.308568971,-0.409759795,-1.45324681,1.366333649
87,New Zealand,2012,2.240641,0.522048765,1.120348435,1.262749418,1.20514377,1.897985196,-0.319640569,0.514052826,,-0.898115648,0.516747703,-0.00448046,-0.803330558,1.293395317,1.496222471,1.94868224,1.241486417,-0.309428014,-0.409440128,-1.362987813,2.078946966
88,New Zealand,2011,2.256737,0.509368799,1.076676044,1.225032889,1.191415998,1.882057388,-0.285288637,0.540136193,,0.038552442,0.498035356,0.095041948,-0.798718487,1.278260216,1.510114317,,1.239068745,-0.303803661,-0.410177055,-1.352857614,1.808645363
89,New Zealand,2010,1.527994,0.444819413,1.041483627,1.225032889,1.165912623,1.917989415,-0.288004123,0.49757912,,-0.506118348,0.426460628,0.182855836,-0.794106416,1.255557564,1.383318332,,1.241446784,-0.306456341,-0.409878972,-1.327172959,1.85164789
90,Pakistan,2019,0.988829,-0.718434738,-1.293106601,-1.339691139,-0.93361468,-0.891849032,-0.738861289,-1.520449794,-1.30226901,2.105808421,-0.738382979,-1.280708978,2.023869076,-1.385517634,-1.782626663,-0.716967994,-0.710645349,-0.255637626,-0.319855603,-1.729893809,0.266697582
91,Pakistan,2018,5.836417,-0.720005354,-1.320747355,-1.339691139,-0.990944281,-0.820665256,-0.764520804,-1.530059456,-1.288301248,0.369969119,-0.739318597,-1.386085644,2.125334642,-1.423355388,-1.786436637,-0.671008507,-0.720197137,-0.273094694,-0.320452665,-1.790447871,0.328129764
92,Pakistan,2017,5.554277,-0.732457175,-1.349778838,-1.377407669,-1.042613457,-0.815624532,-0.780507383,-1.503976089,-1.322028951,0.056688435,-0.751949431,-1.180015718,2.226800208,-1.438490489,-1.910215564,-0.716967994,-0.729075147,-0.301787932,-0.326766321,-1.805765254,0.242124709
93,Pakistan,2016,5.526736,-0.739573372,-1.380548734,-1.377407669,-1.08880272,-0.899467099,-0.760633783,-1.476519913,-1.332110254,-0.044380582,-0.759902179,-0.907207237,2.328265774,-1.499030895,-1.979712769,-0.716967994,-0.737319013,-0.293641183,-0.339089682,-1.741487606,0.143833217
94,Pakistan,2015,4.731147,-0.741206454,-1.41410009,-1.377407669,-1.134690579,-0.842940868,-0.72800315,-1.449063737,-1.353760897,-0.434383455,-0.761305605,-0.841639533,2.434343411,-1.544436199,-1.979292352,-0.808886968,-0.74556288,-0.291952282,-0.352966743,-1.623109357,0.014825633
95,Pakistan,2014,4.674708,-0.747138751,-1.451823634,-1.377407669,-1.167811846,-0.863094994,-0.691357406,-1.580853381,-1.349904524,1.03628204,-0.767387118,-0.838126978,2.535808977,-1.589841504,-1.905670539,-0.854846454,-0.753767113,-0.299307341,-0.359652432,-1.490495451,-1.054094342
96,Pakistan,2013,4.396457,-0.753098596,-1.494067051,-1.452840729,-1.200933113,-0.970335283,-0.66821415,-1.561634058,-1.339895416,1.194951719,-0.77346863,-0.880277644,2.641886614,-1.642814359,-2.088324133,-0.900805941,-0.761931711,-0.302147863,-0.361268454,-1.46327054,-0.366053898
97,Pakistan,2012,3.507033,-0.756846433,-1.540656497,-1.490557259,-1.230742253,-1.063864804,-0.687910647,-1.608309557,-1.324222599,1.823036939,-0.7772111,-1.024292422,2.747964251,-1.673084561,-2.154959789,-0.946765428,-0.770056676,-0.309763796,-0.359827069,-1.30968928,-1.13395618
98,Pakistan,2011,2.748406,-0.757957756,-1.590548927,-1.490557259,-1.23405438,-1.07563818,-0.652789637,-1.654985055,-1.301673281,2.527982478,-0.778146717,-0.973945793,2.844817746,-1.695787213,-2.275236145,,-0.778221275,-0.313751211,-0.359497657,-1.422833499,-1.686845822
99,Pakistan,2010,1.606689,-0.762516593,-1.642353611,-1.528273788,-1.23405438,-1.085640728,-0.662865053,-1.652239438,-1.239200978,2.850760604,-0.783760421,-0.936478533,2.941671241,-1.726057416,-2.153991473,,-0.78634624,-0.305102019,-0.359713927,-1.5338895,-1.778994096
100,Philippines,2019,6.118526,-0.524066476,-0.605043054,0.244403113,0.053700479,-0.63448286,-0.330299169,-0.488097588,-0.734326803,-0.449862997,-0.484362867,-1.500829126,0.183652674,-0.16714197,-0.56199348,-0.62504902,-0.304714185,-0.336845335,-0.363873168,-0.027983413,-0.802222394
101,Philippines,2018,6.341486,-0.549278963,-0.628685459,0.244403113,,-0.607464584,-0.289346766,-0.549873983,-0.742136884,0.412115283,-0.511027962,-1.461020163,0.215937173,-0.220114825,-0.721977642,-0.533130047,-0.314305607,-0.333388877,-0.366120066,0.005551578,-0.740790211
102,Philippines,2017,6.930988,-0.57575481,-0.653544754,0.244403113,,-0.549886377,-0.304140447,-0.537518704,-0.779347359,-0.332176725,-0.540499909,-1.147231867,0.248221671,-0.242817477,-0.806077333,-0.62504902,-0.323223251,-0.332180061,-0.367974462,-0.056511508,-0.611782628
103,Philippines,2016,7.149457,-0.594168286,-0.679620937,0.206686583,,-0.560029188,-0.368549955,-0.186079655,-0.831442966,-0.836958909,-0.562019108,-1.0734682,0.275894098,-0.27308768,-0.982145297,-0.579089534,-0.331427483,-0.335521094,-0.373143766,-0.033887491,-0.525777573
104,Philippines,2015,6.34831,-0.616991299,-0.707087849,0.206686583,,-0.529653352,-0.356580702,-0.188825272,-0.887721433,-1.0198451,-0.587748585,-0.640253015,0.298954454,-0.295790332,-0.508243472,-0.579089534,-0.338997573,-0.338386436,-0.377392404,-0.006059254,-0.292335279
105,Philippines,2014,6.347987,-0.626962397,-0.735423968,0.168970054,,-0.515232501,-0.35330485,-0.106456745,-0.931925182,-0.097177385,-0.599443802,-0.4095952,0.317402739,-0.333628086,-0.380001252,-0.441211073,-0.346567662,-0.34161834,-0.382005544,0.074217181,0.033255288
106,Philippines,2013,6.750531,-0.642246386,-0.764281611,0.131253524,0.094075966,-0.465964912,-0.379636044,-0.197062125,-0.99356059,-0.417543751,-0.616752723,-0.492725682,0.335851023,-0.371465839,-0.714917347,-0.533130047,-0.354098117,-0.341383293,-0.384273991,0.035605733,-0.028176894
107,Philippines,2012,6.896952,-0.656278358,-0.793139253,0.131253524,-0.298872096,-0.625567355,-0.350786667,-0.158623479,-1.039757398,-0.277334756,-0.63546507,-0.427157978,0.354299308,-0.424438694,-0.808934361,-0.62504902,-0.361668206,-0.338993642,-0.387382589,0.124193872,-0.028176894
108,Philippines,2011,3.858233,-0.675326517,-0.821823054,0.093536994,-0.538507774,-0.716931557,-0.314136672,-0.094101466,-1.066516041,0.256470383,-0.658387696,-0.570001904,0.368135522,-0.4849791,-0.993322967,,-0.369198661,-0.341531597,-0.389345296,0.115561341,0.02711207
109,Philippines,2010,7.3345,-0.685880118,-0.849811491,0.055820464,-0.670992842,-0.798976996,-0.229815467,-0.19157089,-1.107672025,-0.036580094,-0.669615104,-0.677720274,0.386583806,-0.522816853,-1.227109224,,-0.376729116,-0.347144757,-0.389678817,0.257645336,0.039398506
110,Singapore,2019,1.345217,3.593917305,1.527390697,1.074166769,1.447087338,1.76107302,2.96947498,0.950606019,0.635349068,-1.054222904,3.262784641,3.223558094,-0.960140979,1.497719186,1.622275267,1.718884806,1.789980987,-0.392114396,-0.408200861,-0.896625292,-0.273905624
111,Singapore,2018,3.49747,3.505970263,1.492622453,1.074166769,1.421133182,1.774135068,2.995625426,0.967079725,0.598019786,-1.094189322,3.197759235,3.283271539,-0.955528907,1.482584085,1.610657289,1.718884806,1.789980987,-0.392128387,-0.408477279,-0.71349951,0.063971379
112,Singapore,2017,4.520379,3.275054755,1.457430037,0.99873371,1.298141663,1.741383517,2.862029981,1.015128032,0.652943094,-1.050751499,3.158463306,3.009292205,-0.950916836,1.459881433,1.726144507,1.672925319,1.789980987,-0.392237517,-0.408150031,-0.990849206,0.401848383
113,Singapore,2016,3.329034,3.013134406,1.414181818,1.074166769,1.298141663,1.698389217,2.720099501,1.030228929,0.707554714,-1.400591818,2.955902149,2.977679205,-0.950916836,1.475016534,1.617730242,1.672925319,1.789980987,-0.392352242,-0.40764112,-1.025377911,0.328129764
114,Singapore,2015,2.988521,2.905304144,1.396373524,1.074166769,1.117984825,1.703024929,3.025227551,1.070040384,0.680795587,-1.397546196,2.828658188,3.109985465,-0.950916836,1.444746331,1.451366228,1.718884806,1.789980987,-0.392441784,-0.398442165,-0.885287021,0.149976435
115,Singapore,2014,3.938003,2.792663769,1.353125305,0.96101718,1.118524039,1.683995542,3.328762861,0.965706916,0.789302629,-0.909087171,2.849709579,2.65803665,-0.950916836,1.406908578,1.337915095,1.672925319,1.789980987,-0.392729997,-0.401355296,-0.902165954,0.119260344
116,Singapore,2013,4.837299,2.729915085,1.309877086,0.92330065,1.18055421,1.689500012,3.398653226,0.86000064,0.712056561,-0.488262192,2.71123821,2.619398539,-0.946304765,1.369070824,1.511422583,1.764844293,1.789980987,-0.392951054,-0.401709991,-1.00498691,0.192978963
117,Singapore,2012,4.461609,2.688558079,1.266204695,0.88558412,0.885706704,1.729444455,3.435380173,0.854509404,0.501208964,0.211399652,2.706092315,2.750533946,-0.946304765,1.346368172,1.502378643,1.81080378,1.789980987,-0.393261653,-0.404328571,-0.781035118,0.106973907
118,Singapore,2011,6.337871,2.599711788,1.222532304,0.88558412,0.852585438,1.717411591,3.583202892,0.759785598,0.344012977,0.423536092,2.653697743,3.022171576,-0.946304765,1.308530418,1.342572231,,1.789980987,-0.393401562,-0.411851203,-0.747298545,0.211408617
119,Singapore,2010,14.52564,2.389665273,1.187339887,0.84786759,0.852585438,1.779107412,3.464000258,0.719974144,0.156871315,-0.341494945,2.521775696,2.091344354,-0.946304765,1.278260216,1.322675202,,1.789980987,-0.3934967,-0.400761566,-0.551935891,0.352702637
120,Sri Lanka,2019,2.255177,-0.332865623,0.394022435,0.697001471,-0.538507774,-0.385611402,-0.447830321,-1.521822603,-0.699224072,-0.119088731,-0.343552455,-0.803001422,-0.747985704,0.317181275,0.068622747,-0.441211073,-1.436819025,-0.376330803,-0.414137,-0.443047605,0.444850911
121,Sri Lanka,2018,3.272,-0.352897613,0.365164793,0.697001471,-0.637871575,-0.423202047,-0.44985301,-1.461419016,-0.692663392,-0.558817444,-0.36320042,-0.956383015,-0.734149491,0.294478623,0.134037748,-0.441211073,-1.441139128,-0.377583447,-0.414923196,-0.605824974,0.475567002
122,Sri Lanka,2017,3.57817,-0.3787224,0.336654833,0.697001471,-0.79354153,-0.52943419,-0.476854855,-1.169010745,-0.745797366,1.198732975,-0.389397706,-0.931795126,-0.715701206,0.26420842,0.201038127,-0.441211073,-1.444785453,-0.384052824,-0.414918485,-0.532337021,0.309700109
123,Sri Lanka,2016,4.486635,-0.394609551,0.307797191,0.659284941,-0.998893385,-0.404424257,-0.491562634,-1.177247598,-0.783853989,0.016771008,-0.40577101,-0.939991089,-0.697252921,0.249073319,0.261737313,-0.533130047,-1.447678733,-0.383870942,-0.414899979,-0.383808084,0.426421256
124,Sri Lanka,2015,5.007683,-0.424042806,0.278939548,0.810151061,-1.098257185,-0.433791949,-0.495161508,-1.210195009,-0.855507827,-0.043355337,-0.435242956,-0.968091533,-0.674192565,0.271775971,0.347084332,-0.48717056,-1.449858602,-0.379083246,-0.416246101,-0.476287321,0.598431367
125,Sri Lanka,2014,4.960701,-0.437314325,0.249560382,0.810151061,-1.151251213,-0.433511421,-0.493469,-1.325510947,-0.964350608,-0.229353016,-0.447873791,-1.031317533,-0.646520138,0.249073319,-0.033399551,-0.441211073,-1.451364693,-0.383260937,-0.417146902,-0.316090768,0.395705165
126,Sri Lanka,2013,3.395733,-0.4551845,0.219485851,0.810151061,,-0.320380062,-0.510657157,-1.199212538,-0.985684196,0.947622272,-0.466586138,-1.095714385,-0.61423564,0.218803116,-0.288752209,-0.48717056,-1.452157373,-0.376844698,-0.418414588,-0.193330242,0.426421256
127,Sri Lanka,2012,9.144572,-0.478885438,0.188542114,0.810151061,,-0.339780271,-0.521929811,-1.392778577,-0.9805808,1.147852363,-0.488573146,-1.475070385,-0.586563213,0.196100464,-0.382947155,-0.3492921,-1.45223664,-0.38715881,-0.417943229,-0.056549837,0.205265399
128,Sri Lanka,2011,8.404733,-0.536603543,0.156903012,0.772434531,,-0.476852874,-0.497762236,-1.281581066,-0.98073942,0.887129441,-0.545177996,-1.375547978,-0.558890786,0.15069516,-0.389901848,,-1.451642131,-0.383605114,-0.418326809,-0.359009254,0.352702637
129,Sri Lanka,2010,8.015967,-0.572514516,0.126480799,0.772434531,,-0.501591866,-0.527839051,-1.228041523,-1.161216527,0.729612468,-0.583070498,-1.047709459,-0.540442501,0.105289856,-0.587159285,,-1.451047621,-0.380899269,-0.419099697,-0.550869778,0.758155042
130,Thailand,2019,2.266434,-0.085163717,0.423923125,-0.321344834,0.70858808,-0.492746493,0.36550781,0.433057107,1.077539494,-1.009577054,-0.095613856,1.00713554,-0.660356352,0.279343522,-0.171928698,-0.533130047,-0.164291014,-0.30195781,-0.303257313,0.436817558,-1.735991568
131,Thailand,2018,4.189585,-0.116227273,0.385851898,-0.359061364,0.382842407,-0.480008805,0.485611504,0.549745854,1.093439256,-0.896858226,-0.137716637,0.948592947,-0.641908067,0.241505768,-0.457621096,-0.533130047,-0.193739057,-0.312860408,-0.301500819,0.599995252,-1.705275477
132,Thailand,2017,4.177681,-0.16510803,0.342739276,-0.396777894,0.252823217,-0.472390738,0.526243345,0.508561591,1.10313966,-1.022546751,-0.184029696,1.371270465,-0.618847711,0.188532913,-0.415283739,-0.48717056,-0.223424904,-0.324761903,-0.304075407,0.63798208,-1.668416167
133,Thailand,2016,3.435158,-0.200722565,0.294063734,-0.434494424,0.074400277,-0.473021924,0.535147695,0.615640676,1.133241971,-1.173235198,-0.221454391,1.502405873,-0.600399426,0.120424957,-0.628418475,-0.579089534,-0.253229652,-0.326080772,-0.306024691,0.718616252,-1.754421223
134,Thailand,2015,3.134047,-0.235766737,0.239825274,-0.434494424,-0.196824479,-0.564666653,0.547804824,0.750175937,1.193104823,-1.516778119,-0.260282511,1.134758392,-0.577339071,0.067452102,-0.633705695,-0.441211073,-0.283113669,-0.357980786,-0.305356161,0.802714225,-1.809710187
135,Thailand,2014,0.984469,-0.250871627,0.180023894,-0.434494424,-0.343423512,-0.526813014,0.564748925,0.83666289,1.120701761,-0.634526118,-0.275720197,0.602020799,-0.554278715,0.014479247,-0.554104014,-0.441211073,-0.312878784,-0.356658588,-0.306744601,0.885598448,-1.821996624
136,Thailand,2013,2.687496,-0.254073955,0.115876484,-0.472210953,-0.54049505,-0.433178295,0.537390504,0.975316578,1.05985582,-0.543085788,-0.287883223,0.133680059,-0.531218359,-0.046061159,-0.920541988,-0.579089534,-0.342604264,-0.358233966,-0.304187914,0.904841,-2.049295699
137,Thailand,2012,7.242796,-0.277766505,0.048773773,-0.396777894,-0.622635792,-0.453165858,0.577211212,1.260860805,0.943293172,-0.281142158,-0.298642822,-0.059510497,-0.503545932,-0.023358507,-0.834603311,-0.48717056,-0.372250477,-0.35844383,-0.310877688,0.968026983,-1.821996624
138,Thailand,2011,0.840132,-0.337444856,-0.020588873,-0.472210953,-0.715046445,-0.415662878,0.619796172,1.325382818,0.837644004,-0.030598334,-0.34542369,-0.086440089,-0.475873505,-0.053628709,-0.759473421,,-0.401857056,-0.361893993,-0.317769345,1.058555702,-1.772850878
139,Thailand,2010,7.513391,-0.351737464,-0.091689932,-0.547644013,-0.757108136,-0.424876444,0.522067775,1.115343074,0.553938414,-0.207707938,-0.371153167,0.136021762,-0.448201077,-0.121736666,-1.039077004,,-0.435228862,-0.371905901,-0.316665936,1.334003147,-1.797423751
140,Vietnam,2019,7.017435,-0.564260597,0.119700991,-0.170478715,0.775134004,-0.584128228,1.423786805,1.892352846,0.975248511,-0.350280227,-0.593362289,0.287061651,-0.157640593,-0.27308768,0.288431628,-0.48717056,-0.721703228,-0.189200587,-0.320333329,0.562871535,-0.925086759
141,Vietnam,2018,7.075789,-0.591328924,0.10527217,-0.208195245,0.81442742,-0.55355953,1.402226669,1.936282727,0.884462226,-0.115543246,-0.62143081,0.306966133,-0.134580237,-0.303357883,0.318279614,-0.671008507,-0.749803715,-0.161944749,-0.335458058,0.526348305,-1.465689965
142,Vietnam,2017,6.812246,-0.618374207,0.092060237,-0.208195245,0.426645945,-0.644362677,1.307413967,1.926673066,0.838572725,-0.121656587,-0.651370565,0.241398429,-0.116131952,-0.333628086,0.473512972,-0.579089534,-0.777785301,-0.149155838,-0.347743992,0.408060909,-1.029521469
143,Vietnam,2016,6.210812,-0.644087614,0.080065193,-0.245911774,0.256402633,-0.528671507,1.129137724,1.911572169,0.707284021,-0.390541739,-0.667743869,0.213297985,-0.097683668,-0.356330738,0.476576231,-0.671008507,-0.805647985,-0.213911951,-0.346545224,0.310948128,-1.041807906
144,Vietnam,2015,6.679289,-0.664851054,0.069287037,-0.283628304,-0.008567503,-0.505738409,1.043132287,1.971975756,0.481303236,-1.033412815,-0.691602112,0.006057207,-0.083847454,-0.394168491,0.328642398,-0.762927481,-0.833431401,-0.237850428,-0.346964682,0.386901909,-1.041807906
145,Vietnam,2014,5.983655,-0.680630136,0.059899611,-0.359061364,-0.141052571,-0.514469818,0.967645191,1.965111712,0.260309951,0.0564299,-0.706571989,0.297599318,-0.070011241,-0.432006245,0.245175682,-0.762927481,-0.860937379,-0.230594733,-0.357425065,0.38183539,-1.404257783
146,Vietnam,2013,5.421883,-0.697681761,0.05120755,-0.321344834,-0.223855738,-0.551262713,0.905487662,1.943146771,0.193839867,0.847966758,-0.722477484,0.166463911,-0.056175027,-0.447141346,0.491933118,-0.762927481,-0.888126285,-0.252448562,-0.365291401,0.378378687,-1.367398473
147,Vietnam,2012,5.247367,-0.711652371,0.042863172,-0.359061364,-0.280161892,-0.59501619,0.8250114,1.807238702,0.156373469,1.637581153,-0.736043936,0.323358059,-0.046950885,-0.4849791,0.507105563,-0.762927481,-0.914958486,-0.25012327,-0.367483129,0.430584135,-1.545551802
148,Vietnam,2011,6.240303,-0.734574049,0.033475746,-0.434494424,-0.337461684,-0.66449927,0.810744979,1.775664099,0.288800243,4.661886087,-0.759902179,0.858437355,-0.033114671,-0.522816853,0.436339603,,-0.941592517,-0.283010345,-0.363542748,0.24413793,-1.563981457
149,Vietnam,2010,6.423238,-0.748257315,0.021828384,-0.472210953,-0.483857684,-0.678920122,0.645464545,1.744089497,0.534472064,1.67316802,-0.773000822,0.58328717,-0.019278458,-0.598492361,0.399559437,,-0.967869842,-0.320164652,-0.367303325,0.228164696,-1.496406056