Countries,Year,GDP_Growth,Market_Size,Life_Exp,Mean_Years_of_Schooling,Internet_Penetration,Gov_Indicator,Trade_Openness,Labour_Force,Domestic_credit_to_private_sector,inflation,rnd_exp,GNI,BoT,Gini,LPI,Child_Mortality,HDI,EPI,GCI,Pol_Stability,CPI,Urban_pop,Renew_Energy,CO2_emissions,ind_val_add,unemployment_rate
Australia,2019,2.160956,52203.13,82.9,12.7,NULL,1.825413,24.11097,65.93,135.8407547,1.610767873,NULL,50540,2.51,0.3439943,,3.6,0.944,74.1,78.7,0.9117457,77,0.86124,54.39985,411015667,25.38245,0.0516
Australia,2018,2.949286,50252.84,82.74878,12.7,NULL,1.805214,21.8219,65.65,139.5259087,1.911400944,NULL,48660,0.38,0.3439943,,3.7,0.943,74.1,78.9,0.989604,77,0.86012,44.443,415953947,24.15897,0.053
Australia,2017,2.300611,48482.65,82.5,12.7,86.54505,1.798351,21.20575,65.23,140.2926654,1.948647409,1.87372,47160,0.59,0.3439943,,3.7,0.941,87.2,NULL,0.8960608,77,0.85904,40.206,415097428,23.46106,0.0559
Australia,2016,2.770652,47339.97,82.44878,12.6,86.54,1.816108,19.25106,64.99,142.4231683,1.276990945,NULL,46220,-2.28,0.3439943,,3.8,0.939,87.2,NULL,1.047958,79,0.858,37.152,411031531,22.28487,0.0571
Australia,2015,2.192647,46288.33,82.4,12.5,84.56051,1.882711,19.98485,65.15,136.31738,1.508366722,1.91943,45340,-1.52,0.3439943,,3.9,0.938,82.4,NULL,0.8849798,79,0.85701,33.423,401554757,23.64421,0.0605
Australia,2014,2.533115,46880.22,82.3,12.3,84,1.853722,21.03946,64.86,128.5068158,2.487922705,NULL,45650,-0.43,0.3439943,,4,0.933,82.4,NULL,1.032192,80,0.85602,36.112,394116892,25.51482,0.0608
Australia,2013,2.584898,45902.05,82.14878,12.2,83.4535,1.785226,19.95617,65.1,124.782324,2.449888641,2.1787,44760,-1.3,NULL,,4.1,0.931,56.6,NULL,1.031073,81,0.85502,32.705,397943179,25.12799,0.0566
Australia,2012,3.918163,42826.79,82.04634,12.8,79,1.985249,21.48083,65.33,121.2837239,1.762780156,NULL,41520,-0.25,NULL,,4.3,0.937,NULL,NULL,0.9979972,85,0.85402,26.318,406506242,26.28416,0.0522
Australia,2011,2.462756,41965.36,81.89512,12.7,79.4877,2.04471,21.43642,65.63,122.3348414,3.303850156,2.23765,40280,0.97,NULL,,4.5,0.932,NULL,NULL,0.9357101,NULL,0.853,26.273,404172757,26.43613,0.0508
Australia,2010,2.067417,39301.34,81.69512,12.6,76,2.032045,19.81001,65.6,125.4956583,2.918340027,NULL,37770,-1.03,0.3465673,,4.8,0.93,NULL,NULL,0.8888599,NULL,0.85182,21.72,405502799,25.15142,0.0521
Bangladesh,2019,8.152685,4954.761,72.591,6.2,12.9,-0.99347,15.32325,59.12,45.31297481,5.591996399,NULL,5190,-6.11,0.3238527,,30.8,0.632,29.6,52.1,-0.9329753,26,0.37405,1.248942,102161676,29.64868,0.0422
Bangladesh,2018,7.863743,4547.48,72.32,6.1,11.5,-0.89996,14.80096,59.01,46.93898318,5.543621395,NULL,4750,-8.64,0.3238527,,32.3,0.625,29.6,52.1,-0.9956784,26,0.36632,1.375017,85718805,28.53699,0.0429
Bangladesh,2017,7.284174,4160.703,72.052,6.1,10.3,-0.8317,15.03611,58.86,47.58329625,5.702070157,NULL,4340,-5.23,0.3238527,,33.9,0.616,41.8,NULL,-1.256081,28,0.35858,1.307877,80323841,27.7509,0.0437
Bangladesh,2016,7.113478,3848.958,71.785,5.9,9.2,-0.85695,16.64971,56.6,45.27950522,5.513525727,NULL,4070,-4.65,0.3238527,,35.7,0.606,41.8,NULL,-1.261937,26,0.35083,1.251877,75857425,27.34612,0.0435
Bangladesh,2015,6.55264,3555.505,71.514,5.8,8.3,-0.80842,17.33667,56.64,44.40697181,6.19428023,NULL,3790,-7.41,NULL,,37.5,0.595,25.6,NULL,-1.212018,25,0.34308,0.812682,72834625,26.83139,0.0438
Bangladesh,2014,6.061059,3368.056,71.231,5.2,7.4,-0.88694,18.98966,56.69,43.73612387,6.991638892,NULL,3590,-6.53,NULL,,39.5,0.579,25.6,NULL,-0.8955632,25,0.33535,0.795751,65978676,26.31105,0.0439
Bangladesh,2013,6.013606,3143.586,70.93,5.5,6.63,-0.88688,19.53787,56.73,41.79475481,7.530406409,NULL,3400,-7.22,NULL,,41.6,0.579,42.6,NULL,-1.627859,27,0.32762,1.080454,61781600,26.30707,0.0443
Bangladesh,2012,6.521459,2937.629,70.606,5.8,5,-0.84981,20.16159,56.79,43.00066937,6.217504221,NULL,3190,-7.79,NULL,,43.8,0.575,NULL,NULL,-1.379089,26,0.31993,0.817169,60691320,25.30996,0.0406
Bangladesh,2011,6.464379,2620.834,70.256,5.7,4.5,-1.0873,19.92207,56.85,42.47024116,11.39516516,NULL,2830,-6.54,NULL,,46.1,0.566,NULL,NULL,-1.404737,NULL,0.31225,0.979676,56556344,25.0453,0.0371
Bangladesh,2010,5.571788,2439.07,69.881,5.3,3.7,-1.05741,16.02411,56.92,40.96132263,8.126676392,NULL,2640,-5.84,0.3213032,,48.7,0.557,NULL,NULL,-1.425789,NULL,0.30462,0.836591,53991553,24.95648,0.0338
Brunei,2019,3.86911,64724.13,75.86,9.1,95,0.802283,57.94604,64.72,NULL,NULL,NULL,,7.38,NULL,,11.4,0.838,63.6,62.8,1.108799,60,0.77942,0.002,9088688,62.51532,0.0692
Brunei,2018,0.052238,61839.12,75.722,9.1,95,0.795956,51.93228,66.58,NULL,NULL,NULL,,9.97,NULL,,11.2,0.836,63.6,61.4,1.24136,63,0.77629,0.002,9560399,63.24365,0.087
Brunei,2017,1.328603,60994.53,75.585,9.1,94.86669,0.715172,49.57324,65.46,NULL,NULL,NULL,,13.97,NULL,,11,0.838,67.9,NULL,1.160305,62,0.77312,0.002,9552048,59.72051,0.0932
Brunei,2016,-2.47792,56297.23,75.45,9.1,90,0.568482,49.57691,65.67,NULL,NULL,NULL,,11.84,NULL,,10.8,0.839,67.9,NULL,1.154172,58,0.7699,0.001,7544132,57.28836,0.0847
Brunei,2015,-0.39238,62540.63,75.318,9,71.2,0.572723,52.2106,65.87,NULL,NULL,NULL,,14.53,NULL,,10.6,0.838,66.5,NULL,1.242662,(blank),0.76663,0.002,6954272,61.36236,0.0769
Brunei,2014,-2.50835,81371.23,75.193,9,68.77,0.53139,68.17708,66.04,NULL,NULL,NULL,,33.93,NULL,,10.4,0.838,66.5,NULL,1.261507,(blank),0.76332,0.002,8925504,67.85207,0.0697
Brunei,2013,-2.12603,83788.51,75.075,8.9,64.5,0.646115,68.04187,66.21,NULL,NULL,NULL,,25.15,NULL,,10.2,0.839,62.5,NULL,1.074022,60,0.75997,0.002,7628448,70.02518,0.068
Brunei,2012,0.912842,88245.96,74.962,8.9,60.27307,0.545805,70.16127,66.34,NULL,NULL,NULL,,34.68,NULL,,10,0.839,NULL,NULL,0.9093272,55,0.75656,0.002,9493476,72.65683,0.0671
Brunei,2011,3.745318,83935.23,74.852,8.8,56,0.861644,69.50607,66.42,NULL,NULL,NULL,,32.35,NULL,,9.8,0.831,NULL,NULL,1.085194,NULL,0.7531,0,9544720,73.67292,0.0664
Brunei,2010,2.598966,80280.02,74.74,8.8,53,0.863385,67.40747,66.43,NULL,NULL,NULL,,33.62,NULL,,9.7,0.827,NULL,NULL,1.277547,NULL,0.74961,0,8060800,68.65704,0.0651
China,2019,5.949714,16772.84,76.912,8.1,64.56912,-0.29512,18.49639,68.24,165.39037,2.899234164,NULL,16730,1.16,0.3612483,,7.9,0.761,50.7,73.9,-0.2566892,41,0.60308,2043.258,1.02E+10,38.5874,0.046
China,2018,6.749774,15608.97,76.704,7.9,59.2,-0.26796,19.1121,68.72,157.8120786,2.0747904,2.18568,15520,0.77,0.3612483,,8.5,0.755,50.7,72.6,-0.3000233,39,0.59152,1870.5,9956568523,39.68701,0.043
China,2017,6.947201,14344.42,76.47,7.8,54.3,-0.27085,19.69228,69.19,154.8950517,1.593136001,2.14512,14330,1.75,0.3612483,,9.2,0.75,65.1,NULL,-0.2310181,41,0.5796,1694.2,9750725978,39.8517,0.044
China,2016,6.848762,13572.62,76.21,7.8,53.2,-0.25395,19.58438,69.61,156.2299435,2.000001822,2.11831,13520,2.27,0.3612483,,9.9,0.746,65.1,NULL,-0.499395,40,0.56736,1547.7,9552516545,39.58062,0.045
China,2015,7.041329,12978.77,75.928,7.7,50.3,-0.28206,21.35408,69.98,152.5944998,1.437023809,2.0656,12930,3.24,0.3615622,,10.7,0.739,43,NULL,-0.5502946,37,0.555,1391.8,9683200711,40.84134,0.046
China,2014,7.425764,12549.77,75.629,7.6,47.9,-0.34001,23.51006,70.3,140.236887,1.921641628,2.02963,12570,2.11,0.3642967,,11.6,0.731,43,NULL,-0.522584,36,0.54259,1290,9820360215,43.08557,0.046
China,2013,7.76615,11923.75,75.321,7.5,45.8,-0.35822,24.59925,70.59,134.3192514,2.621050017,1.99786,11830,2.45,0.3668623,,12.5,0.724,42.2,NULL,-0.5437899,40,0.53013,1077.38,9796526887,44.1767,0.046
China,2012,7.863736,11197.6,75.013,7.5,42.30012,-0.43575,25.49252,70.84,128.922639,2.619524326,1.91214,11170,2.72,0.3535335,,13.5,0.716,NULL,NULL,-0.5387821,39,0.51765,994.28,9633899303,45.42298,0.046
China,2011,9.550832,10299.87,74.708,7.4,38.3,-0.50709,26.56819,71.06,123.0959272,5.553898923,1.78034,10200,3.85,0.3555923,,14.6,0.707,NULL,NULL,-0.6020548,NULL,0.50511,766.2,9388199234,46.52929,0.045
China,2010,10.63587,9253.765,74.409,7.3,34.3,-0.56179,27.18533,71.26,126.5794942,3.175324753,NULL,9210,5.03,0.3574452,,15.8,0.699,NULL,NULL,-0.6570607,NULL,0.49226,752.445,8500542695,46.49783,0.045
Hong Kong,2019,-1.67976,62106.1,85.07805,12.3,91.7434,1.690355,177.6739,59.87,NULL,NULL,NULL,,1.55,NULL,,NULL,0.949,NULL,83.1,-0.222178,76,1,0.099667,41536352,6.25573,0.0296
Hong Kong,2018,2.846448,62529.06,84.93415,12.3,90.5074,1.675505,188.3601,60.35,NULL,NULL,NULL,,-0.21,NULL,,NULL,0.946,NULL,82.2,0.7835555,76,1,0.093,42505723,6.479587,0.0304
Hong Kong,2017,3.791006,59849.25,84.68049,12.2,89.41594,1.618103,188.9185,60.54,NULL,NULL,NULL,,1.01,NULL,,NULL,0.941,NULL,NULL,0.8294839,77,1,0.091,42552127,7.219379,0.0309
Hong Kong,2016,2.169494,57221.41,84.22683,12.1,87.47941,1.561693,187.0171,60.65,NULL,NULL,NULL,,2.28,NULL,,NULL,0.936,NULL,NULL,0.7508071,77,1,0.092,43387519,7.476195,0.0339
Hong Kong,2015,2.387802,56408.94,84.27805,11.9,84.94835,1.651854,195.8976,60.77,NULL,NULL,NULL,,2.39,NULL,,NULL,0.93,NULL,NULL,1.046295,75,1,0.073,42390911,7.058017,0.0332
Hong Kong,2014,2.762377,54781.65,83.98049,11.9,79.86627,1.619889,213.0904,60.67,NULL,NULL,NULL,,0.2,NULL,,NULL,0.926,NULL,NULL,1.153229,74,1,0.045,45490652,7.067506,0.033
Hong Kong,2013,3.101547,53691.84,83.83171,11.6,74.2,1.643553,221.6101,60.85,NULL,NULL,NULL,,0.6,NULL,,NULL,0.918,NULL,NULL,0.9228683,75,1,0.038,44305596,6.947699,0.034
Hong Kong,2012,1.700325,52234.59,83.48049,11.6,72.9,1.740234,215.8496,60.09,NULL,NULL,NULL,,1.13,NULL,,NULL,0.914,NULL,NULL,1.006289,77,1,0.042,42742583,6.844524,0.0329
Hong Kong,2011,4.814682,52277.47,83.42195,11.4,72.2,1.852496,212.8524,59.62,NULL,NULL,NULL,,2.4,NULL,,NULL,0.907,NULL,NULL,0.9485961,NULL,1,0.045,43149597,6.717173,0.0342
Hong Kong,2010,6.767669,49185.23,82.97805,11.5,72,1.962684,205.3226,59.15,NULL,NULL,NULL,,3.65,NULL,,NULL,0.904,NULL,NULL,0.9358106,NULL,1,0.04,40063727,6.835828,0.0431
India,2019,4.041554,6997.864,69.656,6.5,41,-0.25405,18.42939,49.34,50.12555378,3.723276483,NULL,6930,-2.53,NULL,,34.3,0.645,30.6,61.4,-0.7708004,41,0.34472,286.3848,2616448820,24.17759,0.0527
India,2018,6.532989,6675.361,69.416,6.5,20.0813,-0.18348,19.94124,49.42,50.37204197,3.945068664,0.64998,6600,-3.72,NULL,,36.3,0.642,30.6,62,-0.9870132,41,0.3403,254.5348,2591323739,26.3829,0.0533
India,2017,6.795383,6182.922,69.165,6.5,18.2,-0.24195,18.79176,49.91,48.7940214,3.328173375,0.66584,6120,-3.16,0.3901443,,38.5,0.64,53.6,NULL,-0.7648019,40,0.336,223.8571,2456847641,26.50002,0.0541
India,2016,8.256306,5839.865,68.897,6.4,16.5,-0.28215,19.15823,50.41,49.10122542,4.948216341,0.67111,5720,-1.77,0.3901443,,40.9,0.63,53.6,NULL,-0.9538398,40,0.33182,199.4828,2392359728,26.619,0.0551
India,2015,7.996254,5464.859,68.607,6.2,14.9,-0.35199,19.81319,50.91,51.86752408,4.906973441,0.6931,5400,-2.3,0.3901443,,43.5,0.624,31.2,NULL,-0.9484934,38,0.32777,188.5866,2253428782,27.34739,0.0556
India,2014,7.410228,5233.882,68.286,6,13.5,-0.42798,22.96796,51.4,51.88218736,6.649500151,0.70159,5170,-2.99,0.3901443,,46.2,0.616,31.2,NULL,-0.997912,38,0.32384,199.0632,2184432168,27.6564,0.056
India,2013,6.386106,5057.233,67.931,5.8,12.3,-0.51729,25.43086,51.9,52.38570952,11.06367478,0.70642,4990,-2.98,0.3901443,,49.1,0.604,36.2,NULL,-1.229174,36,0.32003,192.2751,2033412295,28.4049,0.0567
India,2012,5.456389,4861.156,67.545,5.5,11.1,-0.51327,24.53443,52.4,51.88850765,9.312445605,0.74399,4800,-6.72,0.3901443,,52,0.597,NULL,NULL,-1.28931,36,0.31634,168.5979,1941312654,29.39853,0.0566
India,2011,5.241315,4493.669,67.13,5.3,10.07,-0.53626,24.54041,53.29,51.28923313,8.858360966,0.75502,4450,-5.42,NULL,,55.1,0.588,NULL,NULL,-1.326795,NULL,0.31276,174.6208,1766065040,30.16168,0.0565
India,2010,8.497585,4236.744,66.693,5.4,7.5,-0.46824,22.40093,54.21,50.55537498,11.98938992,NULL,4190,-5.75,NULL,,58.2,0.579,NULL,NULL,-1.277984,NULL,0.3093,145.8239,1678478677,30.72508,0.0565
Indonesia,2019,5.01816,12311.5,71.716,8.2,47.69065,-0.41603,18.4463,68.01,37.75500922,3.03058665,NULL,11940,-0.56,0.3921567,,23.9,0.718,46.9,64.6,-0.4934046,40,0.55985,47.66339,617512648,38.95207,0.0362
Indonesia,2018,5.174292,11644.76,71.509,8,39.90464,-0.24974,21.00275,67.44,38.80544967,3.198346416,0.22634,11300,-1.07,0.4005402,,24.8,0.712,46.9,64.9,-0.5459081,38,0.55325,49.13364,576584390,39.72974,0.044
Indonesia,2017,5.069786,10935.63,71.282,8,32.33581,-0.25485,20.1773,66.8,38.73234956,3.80879807,0.2381,10590,1,0.4068613,,25.7,0.707,65.8,NULL,-0.4979034,37,0.54659,32.074,531011978,39.37915,0.0388
Indonesia,2016,5.033069,10494.47,71.035,7.9,25.44735,-0.39921,19.08899,66.18,39.40242469,3.525805157,0.24535,10160,0.76,0.4103152,,26.7,0.703,65.8,NULL,-0.3729524,37,0.53989,30.972,568193857,39.30844,0.043
Indonesia,2015,4.876322,10247.21,70.768,7.9,22.06274,-0.45836,21.16018,66.5,39.1187983,6.363121131,NULL,9910,0.38,0.4275306,,27.8,0.695,44.4,NULL,-0.6150607,36,0.53313,24.797,507012048,40.04786,0.0451
Indonesia,2014,5.006668,10278.18,70.481,7.8,17.14,-0.56173,23.66598,66.81,36.42354516,6.394925408,NULL,9930,-0.75,0.4276526,,28.9,0.69,44.4,NULL,-0.416824,34,0.52635,26.018,416823174,41.92834,0.0405
Indonesia,2013,5.557264,10067.47,70.179,7.8,14.94,-0.61366,23.92358,67.05,36.05813961,6.412513302,0.0847,9770,-0.79,0.4310654,,30.1,0.687,52.3,NULL,-0.5192646,32,0.51955,26.354,411191030,42.63568,0.0434
Indonesia,2012,6.030051,9713.9,69.866,7.6,14.52,-0.63979,24.59438,67.73,33.43417143,4.279499996,NULL,9440,-0.39,0.4248085,,31.3,0.681,NULL,NULL,-0.5932628,32,0.51276,22.367,526383107,43.59374,0.0447
Indonesia,2011,6.169784,9095.742,69.542,7.6,12.28,-0.70185,26.32735,67.27,30.08219936,5.35604779,NULL,8840,-0.54,0.4221695,,32.6,0.673,NULL,NULL,-0.7701142,NULL,0.50595,21.888,508073307,43.91342,0.0515
Indonesia,2010,6.223854,8505.748,69.205,7.4,10.92,-0.75156,24.29903,67.19,27.25304113,5.134204008,NULL,8280,-0.35,0.3820477,,33.9,0.665,NULL,NULL,-0.8539162,NULL,0.49914,26.738,428174280,42.77587,0.0561
Japan,2019,0.270309,42197.25,84.35634,12.8,92.7304,1.4672,17.55011,62.36,176.8276322,0.476973684,NULL,43760,0.17,0.3285473,,2.5,0.919,74.7,82.3,1.031847,73,0.91698,225.5377,1106664426,NULL,0.024
Japan,2018,0.323207,41695.64,84.21098,12.8,91.28,1.425326,18.52491,61.88,169.9592324,0.97990367,3.26451,43220,0.23,0.3285473,,2.5,0.917,74.7,82.5,1.049072,73,0.91616,216.343,1135688000,29.07201,0.024
Japan,2017,2.168291,40966.59,84.09976,12.8,91.72655,1.525538,17.75185,60.87,169.8143277,0.467211747,3.21254,42430,0.93,0.3285473,,2.6,0.915,80.6,NULL,1.112167,73,0.91535,208.35,1187661454,29.16251,0.028
Japan,2016,0.521944,39964.28,83.98488,12.7,93.18272,1.524966,16.2664,60.45,164.7706266,-0.116666667,3.15522,41310,0.99,0.3285473,,2.7,0.912,80.6,NULL,0.9829442,72,0.91457,188.028,1203167018,28.97509,0.031
Japan,2015,1.222921,40388.55,83.7939,12.5,91.05803,1.5697,17.61098,59.99,162.7281536,0.78951789,3.28165,41940,-0.42,0.3285473,,2.8,0.908,72.4,NULL,1.065128,75,0.91381,183.412,1222781315,29.01962,0.034
Japan,2014,0.374719,39179.16,83.5878,12.5,89.10683,1.694852,17.5403,59.82,163.7262491,2.761954083,3.40022,40590,-2.47,0.3285473,,2.8,0.906,72.3,NULL,0.9685974,76,0.91304,166.545,1263049942,27.68806,0.036
Japan,2013,2.000268,38974.08,83.33195,12.2,88.21943,1.655598,15.9154,59.61,163.2187054,0.346440326,3.31496,40280,-2.32,0.3285473,,2.9,0.902,63.4,NULL,1.019142,74,0.91226,152.118,1314702999,26.93763,0.04
Japan,2012,1.49509,37191.39,83.0961,12,79.4964,1.626548,14.54475,59.28,160.1450388,-0.051939058,3.20908,38190,-1.55,NULL,,3,0.897,NULL,NULL,0.9484429,74,0.91148,140.574,1305432850,26.74805,0.043
Japan,2011,-0.11542,35774.7,82.59122,11.8,79.05411,1.561326,14.925,59.59,159.6118504,-0.267633601,3.24477,36790,-2.58,NULL,,3.2,0.892,NULL,NULL,0.995092,NULL,0.91069,146.116,1264155127,26.88171,0.0452
Japan,2010,4.191739,34986.99,82.84268,11.5,78.21,1.560917,15.03676,60.08,160.3569793,-0.719979429,NULL,35890,-4.45,0.3210032,,3.2,0.887,NULL,NULL,0.8793532,NULL,0.90812,142.587,1214068556,28.44461,0.051
Malaysia,2019,4.302816,29564.01,76.156,10.4,84.18715,0.252059,65.22063,64.73,120.8703604,0.662891866,NULL,28780,7.44,0.410664,,8.6,0.81,59.2,74.6,0.1438768,53,0.76607,29.08233,250094688,37.40142,0.0331
Malaysia,2018,4.769927,28219.8,75.997,10.2,81.20105,0.316121,68.56958,64.78,120.3019474,0.884709161,NULL,27340,6.71,0.410664,,8.4,0.805,59.2,74.4,0.2515688,47,0.76036,27.957,249144498,38.29444,0.033
Malaysia,2017,5.812722,26661.51,75.828,10.2,80.14048,0.059031,70.01174,64.4,117.1675684,3.871201158,NULL,25910,6.87,0.410664,,8.3,0.805,74.2,NULL,0.1164103,47,0.75447,27.618,248869500,38.11467,0.0341
Malaysia,2016,4.449781,25546.13,75.649,10.2,78.78831,0.09614,66.77545,64.32,121.9798206,2.090566595,1.43665,24840,6.65,0.410664,,8.2,0.8,74.2,NULL,0.1368246,49,0.7484,21.223,246722387,37.68327,0.0344
Malaysia,2015,5.091532,24801.89,75.461,10.2,71.06407,0.235252,69.44869,64.46,123.1036296,2.104389802,1.2998,24130,7.53,NULL,,8.1,0.796,59.3,NULL,0.2589576,50,0.74213,16.39,233268182,38.44967,0.031
Malaysia,2014,6.006722,24607.67,75.268,10.1,63.66543,0.411289,73.7935,64.29,120.578651,3.142990509,1.26275,23790,9.27,NULL,,8,0.791,59.3,NULL,0.2666191,52,0.73577,14.336,241127825,39.92442,0.0288
Malaysia,2013,4.693723,23477.99,75.072,10.1,57.05751,0.350235,75.62904,64.06,119.8996939,2.105012312,NULL,22690,8.54,0.4134883,,8,0.785,62.5,NULL,0.0517916,50,0.7293,12.97,234418816,39.88537,0.0311
Malaysia,2012,5.473454,22985.8,74.877,10.1,65.8,0.237454,79.29991,62.6,114.1245298,1.663571025,1.09269,22140,10.76,NULL,,8,0.781,NULL,NULL,-0.0052124,49,0.72275,9.839,215812358,40.135,0.0304
Malaysia,2011,5.293913,21704.74,74.683,10.1,61,0.029523,85.25544,61.58,108.4259367,3.174470922,1.03342,21190,15.57,0.439436,,8,0.778,NULL,NULL,0.0774098,NULL,0.71609,8.631,217427462,39.82427,0.0305
Malaysia,2010,7.424847,20508.76,74.493,9.8,56.3,0.089305,86.9303,60.37,107.1227526,1.622852356,NULL,19860,8.17,NULL,,8.1,0.772,NULL,NULL,0.1433521,NULL,0.70912,7.427,216537318,40.49893,0.0325
Myanmar,2019,1.694424,5297.442,67.134,5,NULL,-0.61494,28.04156,60.41,26.29755768,8.825066968,NULL,5150,4.04,0.3069687,,44.7,0.583,NULL,NULL,-1.328067,29,0.30852,NULL,26231575,35.89711,0.005
Myanmar,2018,6.75046,5149.938,66.867,5,NULL,-0.58075,30.38975,62.44,24.96077714,6.872328657,NULL,5000,0.09,0.3069687,,46.4,0.579,NULL,NULL,-1.268853,29,0.30579,NULL,26095603,37.96077,0.0087
Myanmar,2017,6.404977,4739.915,66.558,5,23.62108,-0.56529,28.35971,62.19,23.64478346,4.572536553,0.03186,4600,-5.73,0.3069687,,48.1,0.572,NULL,NULL,-1.084839,30,0.30322,NULL,23669759,36.74277,0.0156
Myanmar,2016,5.750065,4492.021,66.205,4.9,NULL,-0.62101,25.94273,63.85,21.20550027,6.928825258,NULL,4370,-9.14,NULL,,49.9,0.563,49,NULL,-0.8046199,28,0.30082,NULL,25468783,35.46916,0.0114
Myanmar,2015,6.99284,4416.547,65.81,4.9,NULL,-0.83628,22.97517,65.55,17.74815664,9.454171895,NULL,4280,-7.96,0.3806851,,51.8,0.557,27.4,NULL,-1.165067,22,0.29858,NULL,22076366,33.91247,0.0077
Myanmar,2014,7.990916,4245.806,65.378,4.8,11.52,-0.88217,20.0904,65.93,15.56162638,4.953299185,NULL,4080,-2.08,0.3806851,,53.7,0.55,27.4,NULL,-1.087581,21,0.2965,NULL,16169507,34.48971,0.0078
Myanmar,2013,8.426001,4016.316,64.921,4.7,8,-0.99989,19.6351,66.34,12.83852973,5.643038834,NULL,3890,0.69,0.3806851,,55.8,0.543,NULL,NULL,-1.140372,21,0.29457,NULL,12936196,32.36222,0.008
Myanmar,2012,7.33267,3727.142,64.453,4.5,4,-1.06326,11.49836,66.75,9.310266145,1.467583227,NULL,3580,0.61,0.3806851,,58.2,0.533,NULL,NULL,-0.943675,15,0.29266,NULL,11891872,32.37302,0.0079
Myanmar,2011,5.591482,3469.139,63.983,4.3,0.98,-1.58677,0.099465,67.12,6.746762064,5.021460146,NULL,3470,1.11,0.3806851,,60.7,0.526,NULL,NULL,-1.111098,NULL,0.29075,NULL,15067867,31.29165,0.0079
Myanmar,2010,9.634439,3243,63.525,4.1,0.25,-1.67334,19.58865,67.42,4.766953785,7.718381959,NULL,3240,1.9,0.3806851,,63.4,0.515,NULL,NULL,-1.285928,NULL,0.28885,NULL,13083825,26.46806,0.0079
New Zealand,2019,1.633933,45073.2,81.70732,12.8,NULL,2.170174,26.9869,69.6,155.474735,1.619631902,NULL,43950,-0.12,NULL,,4.7,0.931,76,76.7,1.411302,87,0.86615,35.76924,36540963,NULL,0.0407
New Zealand,2018,3.205748,43930.88,81.85854,12.7,NULL,2.174655,27.5925,70.01,152.9790967,1.598297038,NULL,42360,-0.31,NULL,,4.9,0.928,76,77.5,1.533905,87,0.86538,36.319,35080341,20.41986,0.043
New Zealand,2017,3.613282,42285.32,81.65854,12.7,90.81109,2.244731,27.33225,70.09,152.9311396,1.850787675,1.3657,40700,0.76,NULL,,5.1,0.926,88,NULL,1.595223,89,0.86466,35.176,36153332,20.41344,0.047
New Zealand,2016,3.73008,39955.8,81.61244,12.6,88.47019,2.283908,26.47575,69.33,154.9086369,0.646240284,NULL,38670,0.63,NULL,,5.3,0.924,88,NULL,1.519183,90,0.864,36.135,34267624,20.06396,0.0508
New Zealand,2015,3.707376,37479.68,81.45683,12.4,88.22289,2.27633,27.85854,68.34,152.274516,0.292704628,1.2341,36240,0.9,NULL,,5.5,0.921,76.4,NULL,1.525453,91,0.86341,34.754,35839194,21.14162,0.0535
New Zealand,2014,3.813831,37293.36,81.40488,12.2,85.5,2.253601,27.98286,68.4,148.9777265,1.227507506,NULL,35790,0.8,NULL,,5.6,0.916,76.4,NULL,1.467928,91,0.86281,33.827,35457804,21.37759,0.0537
New Zealand,2013,2.695784,36242.62,81.40732,12.1,82.78,2.341601,28.81358,67.57,NULL,1.134422664,1.15412,34810,1.61,NULL,,5.8,0.914,66,NULL,1.453927,91,0.86221,31.53,35240937,20.28755,0.0577
New Zealand,2012,2.240641,32988.61,81.1561,12.1,81.64447,2.31576,28.85939,67.33,NULL,1.059913184,NULL,31620,0.7,NULL,,5.9,0.911,NULL,NULL,1.361366,90,0.86161,31.223,36000433,20.92336,0.0693
New Zealand,2011,2.256737,32701.38,80.90488,12,81.23,2.297591,30.39502,67.52,NULL,4.027906674,1.231,31220,1.55,NULL,,6,0.909,NULL,NULL,1.376731,NULL,0.861,33.233,34249571,20.99472,0.0649
New Zealand,2010,1.527994,31239.19,80.70244,12,80.46,2.338579,30.27363,67.21,NULL,2.30202386,NULL,29690,2.3,NULL,,6.1,0.906,NULL,NULL,1.236489,NULL,0.8616,32.285,34957784,21.17565,0.0656
Pakistan,2019,0.988829,4888.845,67.273,5.2,17.0709,-0.86663,10.11902,52.51,18.09499325,10.5783618,NULL,4790,-10.2,0.3160009,,67.2,0.557,37.5,51.4,-2.265187,32,0.36907,50.44631,248843938,18.33877,0.0398
Pakistan,2018,5.836417,4853.267,67.114,5.2,15.34,-0.78543,8.971966,52.44,18.82981839,5.078057259,NULL,4770,-11.1,NULL,,69.4,0.552,37.5,51.1,-2.269401,33,0.36666,44.2076,247425382,17.91221,0.0408
Pakistan,2017,5.554277,4571.205,66.947,5.1,13.78,-0.77968,8.25732,52.63,17.0554493,4.08537368,0.23597,4500,-9.34,NULL,,71.6,0.55,51.4,NULL,-2.406306,32,0.36442,33.95337,232424792,17.80431,0.0394
Pakistan,2016,5.526736,4410.007,66.77,5.1,12.38545,-0.87532,9.145727,52.83,16.52508553,3.765119164,NULL,4330,-7.01,NULL,,73.8,0.542,51.4,NULL,-2.483173,32,0.36234,36.86481,203145768,18.2571,0.0378
Pakistan,2015,4.731147,4373.014,66.577,5.1,11,-0.81084,10.60441,53.03,15.38607432,2.529328173,0.24605,4300,-6.45,NULL,,76.1,0.536,34.6,NULL,-2.482708,30,0.36026,37.46838,170175316,19.09099,0.0357
Pakistan,2014,4.674708,4238.634,66.36,5.1,10,-0.83383,12.24258,52.07,15.58895291,7.189384028,NULL,4170,-6.42,NULL,,78.3,0.53,34.6,NULL,-2.401279,29,0.35819,34.83987,154290816,20.02516,0.0183
Pakistan,2013,4.396457,4103.63,66.117,4.9,9,-0.95616,13.27715,52.21,16.11551863,7.692156119,0.29285,4040,-6.78,NULL,,80.6,0.523,39.6,NULL,-2.603302,28,0.35613,33.82474,150451314,20.21694,0.0295
Pakistan,2012,3.507033,4018.733,65.849,4.8,8.1,-1.06285,12.39666,51.87,16.94004448,9.682351861,NULL,3960,-8.01,NULL,,82.9,0.519,NULL,NULL,-2.677004,27,0.35408,31.103,153875896,21.29881,0.017
Pakistan,2011,2.748406,3993.559,65.562,4.8,8,-1.07628,13.96667,51.53,18.12633374,11.91609271,0.32917,3940,-7.58,NULL,,85,0.516,NULL,NULL,-2.810035,NULL,0.35202,29.678,154658545,20.50179,0.008
Pakistan,2010,1.606689,3890.291,65.264,4.7,8,-1.08769,13.51627,51.55,21.41291755,12.93887056,NULL,3820,-7.26,NULL,,87.1,0.512,NULL,NULL,-2.675933,NULL,0.34997,32.769,154144709,19.71948,0.0065
Papua New Guinea,2019,5.859794,4533.761,64.501,4.7,NULL,-0.99149,NULL,47.01,17.99780328,3.637899003,NULL,4340,NULL,0.4185079,,44.8,0.555,NULL,NULL,-0.6973711,28,0.1325,0.842795,7086853,NULL,0.0237
Papua New Guinea,2018,-0.27925,4290.698,64.263,4.6,NULL,-0.87358,NULL,47.19,18.74321342,4.720849926,NULL,4180,NULL,0.4185079,,46.3,0.549,NULL,NULL,-0.6772177,28,0.13169,0.821693,6786146,36.92405,0.0241
Papua New Guinea,2017,3.534611,4285.629,64.01,4.6,11.2092,-0.90145,NULL,47.04,19.35275517,5.42204568,NULL,4200,NULL,0.4185079,,47.6,0.549,NULL,NULL,-0.6978666,29,0.13102,0.830733,6547568,36.35986,0.0247
Papua New Guinea,2016,5.489573,4144.604,63.744,4.6,9.601538,-0.93324,NULL,47.12,22.11934528,6.673728814,0.03158,4100,NULL,0.4185079,,49,0.549,48,NULL,-0.5047721,28,0.1305,1.034782,6679428,34.7298,0.0253
Papua New Guinea,2015,6.578356,3966.771,63.466,4.3,7.9,-0.93992,NULL,47.24,22.55345091,5.995957781,NULL,3890,NULL,0.4185079,,50.5,0.548,41.1,NULL,-0.4221483,25,0.13012,1.040274,6364322,34.80542,0.0256
Papua New Guinea,2014,13.54377,3761.523,63.181,4.3,6.5,-0.91042,NULL,47.6,22.62564291,5.222117202,NULL,3700,NULL,0.4185079,,51.8,0.542,41.1,NULL,-0.3393671,25,0.12988,1.045492,6049264,32.78483,0.0259
Papua New Guinea,2013,3.824946,3318.801,62.892,4.3,5.1,-0.96132,NULL,48.15,25.09960391,4.96031746,NULL,3050,NULL,0.4185079,,53.2,0.537,NULL,NULL,-0.5202469,25,0.12978,1.019492,5331120,26.54078,0.0263
Papua New Guinea,2012,4.65712,3206.196,62.604,4.2,3.5,-0.93803,NULL,48.23,22.85655391,4.537205082,NULL,3040,NULL,0.4185079,,54.6,0.52,NULL,NULL,-0.5904424,25,0.12982,1.0015,4975712,27.57318,0.0263
Papua New Guinea,2011,1.107544,3069.76,62.316,4.1,2,-1.02283,NULL,48.34,20.93251288,4.44083401,NULL,2780,NULL,0.4185079,,56,0.53,NULL,NULL,-0.7546774,NULL,0.13,1.3845,5224920,31.33622,0.0262
Papua New Guinea,2010,10.12845,3039.784,62.029,4,1.28,-1.04427,NULL,48.27,21.09151997,6.013608936,NULL,2820,NULL,0.4185079,,57.3,0.522,NULL,NULL,-0.8084438,NULL,0.13019,1.2705,4660608,33.16881,0.02
Philippines,2019,6.118526,9291.727,71.231,9.4,46.88,-0.57305,28.38292,60.03,47.97366866,2.480278587,NULL,10220,-12.08,0.3781171,,27.3,0.718,57.6,61.9,-0.9151124,34,0.47149,21.42475,144262785,30.32751,0.0224
Philippines,2018,6.341486,8720.607,71.095,9.4,NULL,-0.54223,30.21361,59.58,47.5627908,5.211604606,NULL,9650,-11.74,0.3781171,,28,0.711,57.7,62.1,-1.092062,36,0.46907,22.66,138924391,30.56374,0.0234
Philippines,2017,6.930988,8120.869,70.952,9.4,NULL,-0.47655,29.55229,59.67,45.60519779,2.853187726,NULL,9020,-9.06,NULL,,28.7,0.708,73.7,NULL,-1.18508,34,0.46682,23.092,134518537,30.12655,0.0255
Philippines,2016,7.149457,7703.762,70.802,9.3,NULL,-0.48812,26.673,62.23,42.86451799,1.253698801,NULL,8560,-8.43,NULL,,29.3,0.704,73.7,NULL,-1.379819,35,0.46475,21.898,122236809,30.28592,0.0269
Philippines,2015,6.34831,7186.769,70.644,9.3,NULL,-0.45347,27.20806,62.21,39.90378358,0.674192537,0.16415,8010,-4.73,0.403515,,29.8,0.701,44,NULL,-0.8556625,35,0.46284,20.874,112142487,30.48195,0.0307
Philippines,2014,6.347987,6960.901,70.481,9.2,NULL,-0.43702,27.3545,62.81,37.5782838,3.597823439,NULL,7760,-2.76,NULL,,30.2,0.696,44,NULL,-0.7138209,38,0.46093,19.719,101182148,31.04744,0.036
Philippines,2013,6.750531,6614.684,70.315,9.1,48.09902,-0.38082,26.17742,62.15,34.33572791,2.582687661,0.13793,7390,-3.47,NULL,,30.6,0.691,57.4,NULL,-1.084253,36,0.45903,19.803,95792553,30.77545,0.035
Philippines,2012,6.896952,6296.828,70.149,9.1,36.2351,-0.56288,27.46707,62.43,31.90537598,3.026963911,NULL,6990,-2.91,0.4222433,,31,0.684,NULL,NULL,-1.18824,34,0.45712,20.657,88406848,31.39949,0.035
Philippines,2011,3.858233,5865.344,69.984,9,29,-0.6671,29.10543,62.9,30.49763975,4.718417047,0.11726,6500,-4.13,NULL,,31.3,0.676,NULL,NULL,-1.392182,NULL,0.45522,19.75,83743662,31.33868,0.0359
Philippines,2010,7.3345,5626.281,69.823,8.9,25,-0.76069,32.87483,62.19,28.33247881,3.789836348,NULL,6260,-5.05,NULL,,31.7,0.671,NULL,NULL,-1.65076,NULL,0.45332,17.744,82951250,32.33956,0.0361
Singapore,2019,1.345217,102573.4,83.49756,11.6,88.94925,2.159583,175.8923,70.51,120.0304736,0.565260569,NULL,90320,28.27,0.398,,2.5,0.938,64.2,84.78,1.500786,85,1,1.673,38944802,24.20855,0.031
Singapore,2018,3.49747,100581.2,83.29756,11.6,88.16564,2.174483,177.0613,70.63,118.0666303,0.438620118,NULL,88930,28.78,0.452,,2.6,0.936,64.2,83.48,1.487936,85,1,1.668,38288060,25.49854,0.0365
Singapore,2017,4.520379,95350.44,83.09512,11.4,84.45227,2.137123,171.0892,70.98,120.9560716,0.57626031,1.94431,88090,26.44,0.401,,2.7,0.933,87,82.97,1.61567,84,1,1.629,39065568,23.54481,0.042
Singapore,2016,3.329034,89417.35,82.84634,11.6,84.45227,2.088079,164.7445,71.09,123.8291155,-0.53226874,2.0801,83760,26.17,0.401,,2.7,0.935,87,NULL,1.495759,84,1,1.588,40274688,23.30158,0.0408
Singapore,2015,2.988521,86974.75,82.7439,11.6,79.01296,2.093367,178.3846,71.38,122.4213538,-0.522618167,2.18198,81040,27.3,0.39,,2.7,0.931,81.8,NULL,1.311753,85,1,1.556,62130448,24.28842,0.0379
Singapore,2014,3.938003,84423.19,82.49512,11.3,79.02924,2.07166,191.9535,70.62,128.1297633,1.02514803,2.08464,81490,23.44,0.39,,2.7,0.926,81.8,NULL,1.186271,84,1,1.453,55209152,24.16952,0.0374
Singapore,2013,4.837299,83001.79,82.24634,11.2,80.90206,2.077939,195.0778,69.85,124.0659516,2.358604154,1.92335,78530,23.11,0.39,,2.8,0.921,56.4,NULL,1.378178,86,1,1.374,54366432,23.44522,0.0386
Singapore,2012,4.461609,82064.96,81.99512,11.1,72,2.123504,196.7196,69.81,112.9735432,4.575602704,1.91939,78420,24.23,0.41,,2.8,0.918,NULL,NULL,1.368175,87,1,1.263,48144960,25.0228,0.0372
Singapore,2011,6.337871,80052.39,81.7439,11.1,71,2.109778,203.3277,69.12,104.7036738,5.247793398,2.07065,77300,26.55,0.4,,2.8,0.913,NULL,NULL,1.191422,NULL,1,1.213,30271968,25.26045,0.0389
Singapore,2010,14.52564,75294.36,81.54146,11,71,2.180155,197.999,68.83,94.8584027,2.823661349,NULL,74480,18.6,,,2.8,0.909,NULL,NULL,1.169415,NULL,1,1.179,56619792,26.63664,0.0412
South Korea,2019,2.039348,42727.95,83.22683,12.2,96.15758,0.737439,39.94716,63.26,NULL,NULL,NULL,,2.9,0.3140486,,3.2,0.916,NULL,79.6,0.5512064,59,0.8143,31.20853,611263215,32.83215,0.0375
South Korea,2018,2.907404,42487.04,82.62683,12.2,96.02286,0.606348,41.71329,63.02,NULL,NULL,NULL,,4.44,0.3140486,,3.3,0.914,62.3,78.8,0.6370728,57,0.81459,25.676,634934068,34.0458,0.0382
South Korea,2017,3.159636,40957.42,82.62683,12.2,95.06942,0.483203,40.93421,63.13,NULL,NULL,NULL,,4.75,0.3140486,,3.3,0.912,70.6,NULL,0.385621,54,0.81503,20.906,620610020,34.76631,0.0365
South Korea,2016,2.946882,39575.45,82.27561,12.2,92.84303,0.456981,40.13265,62.8,NULL,NULL,NULL,,6.66,0.3140486,,3.4,0.91,70.6,NULL,0.163469,53,0.81562,17.522,617960077,34.2978,0.0365
South Korea,2015,2.809103,37902.4,82.02439,12.1,89.89626,0.373837,42.98956,62.7,NULL,NULL,NULL,,6.85,NULL,,3.5,0.907,63.8,NULL,0.1610141,54,0.81634,12.076,595393885,34.14994,0.0355
South Korea,2014,3.202454,35324.5,81.72195,12.1,87.55683,0.547704,47.83142,62.38,NULL,NULL,NULL,,5.88,0.311929,,3.6,0.904,63.8,NULL,0.1085688,55,0.81707,10.002,586547889,34.09167,0.035
South Korea,2013,3.164709,34244.31,81.27073,12,84.77,0.614478,51.29207,61.36,NULL,NULL,NULL,,4.63,NULL,,3.7,0.901,57.2,NULL,0.2785786,55,0.81779,9.795,591539853,34.44783,0.031
South Korea,2012,2.402531,33557.13,80.81951,11.9,84.07,0.534928,54.09405,61.24,NULL,NULL,NULL,,2.73,0.3155805,,3.8,0.898,NULL,NULL,0.2671033,56,0.81851,7.932,583631857,34.13469,0.032
South Korea,2011,3.685668,32546.75,80.56829,11.8,83.75912,0.528338,53.33773,60.98,NULL,NULL,NULL,,6.46,NULL,,4,0.895,NULL,NULL,0.4124956,NULL,0.81923,8.252,588403868,34.45097,0.034
South Korea,2010,6.804825,31748.28,80.11707,11.6,83.7,0.469638,47.10374,60.79,NULL,NULL,NULL,,5.34,0.3202122,,4.1,0.889,NULL,NULL,0.3258958,NULL,0.81936,6.524,565960803,34.11678,0.037
Sri Lanka,2019,2.255177,13622.86,76.978,10.6,29,-0.28916,23.12894,52.5,49.82037611,3.528393582,NULL,13230,-6.12,0.3934577,,7.1,0.782,60.6,57.1,-0.2176228,38,0.18585,7.313653,24841152,27.40368,0.0427
Sri Lanka,2018,3.272,13169.09,76.812,10.6,26,-0.33204,23.03852,52.94,50.1655247,2.135037737,NULL,12810,-7.43,0.3934577,,7.4,0.779,60.6,56,-0.1452709,38,0.18476,6.86599,22973233,26.25703,0.0432
Sri Lanka,2017,3.57817,12584.1,76.648,10.6,21.3,-0.45322,21.83146,55.07,47.37021781,7.704137679,NULL,12250,-7.22,0.3934577,,7.8,0.775,65.5,NULL,-0.0711655,38,0.18384,4.554,22984426,26.7747,0.0405
Sri Lanka,2016,4.486635,12224.22,76.482,10.5,15.1,-0.31062,21.17398,55.01,45.36811006,3.958888466,NULL,11900,-7.29,0.3934577,,8.2,0.773,65.5,NULL,-0.0040295,36,0.18311,4.619,23028394,27.82098,0.0424
Sri Lanka,2015,5.007683,11557.49,76.316,10.9,12.1,-0.34412,21.0131,54.77,41.59849804,3.768367831,0.10871,11270,-7.53,NULL,,8.7,0.776,53.9,NULL,0.0903681,37,0.18256,6.33,19830148,27.16953,0.0452
Sri Lanka,2014,4.960701,11256.86,76.147,10.9,10.5,-0.3438,21.08876,53.93,35.87242576,3.179002282,0.09989,11000,-8.07,NULL,,9.3,0.773,53.9,NULL,-0.330464,38,0.18218,4.837,17689940,28.298,0.0419
Sri Lanka,2013,3.395733,10852.06,75.974,10.9,NULL,-0.21475,20.3204,54.85,34.75009437,6.908450348,0.10081,10600,-8.62,NULL,,10,0.769,55.7,NULL,-0.6128954,37,0.18198,7.13,14678050,29.16276,0.0424
Sri Lanka,2012,9.144572,10315.18,75.796,10.9,NULL,-0.23688,19.81648,53.44,35.01857718,7.542913732,NULL,10130,-11.86,NULL,,10.6,0.766,NULL,NULL,-0.7170792,40,0.18196,3.444,15797950,30.12628,0.0388
Sri Lanka,2011,8.404733,9007.734,75.614,10.8,NULL,-0.39324,20.89684,54.25,35.01023243,6.716768436,NULL,8920,-11.01,NULL,,11.2,0.76,NULL,NULL,-0.7247714,NULL,0.18211,4.714,14886602,27.99567,0.0412
Sri Lanka,2010,8.015967,8194.269,75.439,10.8,NULL,-0.42146,19.55232,54.64,25.51557461,6.217648893,NULL,8110,-8.21,NULL,,11.6,0.754,NULL,NULL,-0.9429469,NULL,0.18226,5.681,13050301,26.64415,0.0478
Thailand,2019,2.266434,19233.87,77.15,7.9,66.65242,-0.41137,59.48749,66.74,143.293517,0.706728601,NULL,18530,9.34,0.3485572,,9,0.777,49.9,68.1,-0.4836834,36,0.50692,33.89266,288279747,33.6017,0.0072
Thailand,2018,4.189585,18530.21,76.931,7.8,56.81748,-0.39684,64.85647,67.59,144.1299821,1.063897542,NULL,17630,8.84,0.3641217,,9.4,0.772,49.9,67.5,-0.7996719,36,0.49949,29.99635,292452995,34.75117,0.0077
Thailand,2017,4.177681,17422.95,76.683,7.7,52.89193,-0.38815,66.67283,67.29,144.6403073,0.665631893,1.00403,16640,12.45,0.3652875,,9.9,0.765,69.5,NULL,-0.7528449,37,0.492,25.74306,286336041,35.01876,0.0083
Thailand,2016,3.435158,16616.2,76.403,7.6,47.50497,-0.38887,67.07088,68.07,146.2239494,0.188149704,0.7802,15840,13.57,0.3689063,,10.3,0.756,69.5,NULL,-0.9885814,35,0.48448,25.27173,281704745,35.58677,0.0069
Thailand,2015,3.134047,15822.37,76.091,7.6,39.31613,-0.49341,67.63669,69.05,149.3732535,-0.900424963,0.61609,15010,10.43,0.3598733,,10.8,0.749,52.8,NULL,-0.9944293,38,0.47694,13.87148,283293103,36.17918,0.006
Thailand,2014,0.984469,15480.21,75.747,7.6,34.89,-0.45023,68.39414,69.68,145.5642258,1.895141819,0.47988,14680,5.88,0.3703266,,11.3,0.742,52.8,NULL,-0.9063863,38,0.46943,14.344,279994315,36.76304,0.0058
Thailand,2013,2.687496,15407.67,75.378,7.5,28.94,-0.34342,67.17114,70.69,142.3632027,2.184886185,0.44164,14420,1.88,0.3784711,,11.8,0.734,60,NULL,-1.311683,35,0.46193,13.781,286068737,36.89859,0.0021
Thailand,2012,7.242796,14870.98,74.992,7.7,26.46,-0.36622,68.95124,72.77,136.2309986,3.014899503,NULL,14190,0.23,0.3925667,,12.4,0.737,NULL,NULL,-1.216631,37,0.45445,13.706,270174529,37.34369,0.0058
Thailand,2011,0.840132,13519.13,74.593,7.5,23.66993,-0.32344,70.85491,73.24,130.672938,3.808790581,0.36146,13190,0,0.3745903,,13,0.733,NULL,NULL,-1.133534,NULL,0.44698,12.473,253800670,37.9814,0.0066
Thailand,2010,7.513391,13195.37,74.184,7.3,22.4,-0.33395,66.48617,71.71,115.7475686,3.247588424,NULL,12640,1.9,0.3940277,,13.6,0.724,NULL,NULL,-1.442788,NULL,0.43856,8.895,256422255,39.92173,0.0062
Timor-Leste,2019,18.72352,3702.836,69.495,4.8,NULL,-0.38304,28.15207,67.31,13.06461199,0.95881274,NULL,4960,NULL,0.2865293,,44.2,0.606,NULL,NULL,0.2336398,38,0.30947,NULL,554451,29.37278,0.0442
Timor-Leste,2018,-1.0539,3124.938,69.26,4.5,NULL,-0.46158,2.924197,67.27,16.01749027,2.29424307,NULL,4490,NULL,0.2865293,,45.6,0.599,NULL,NULL,0.2340893,35,0.30578,NULL,520422,16.45478,0.0448
Timor-Leste,2017,-4.10361,3145.483,69.007,4.5,27.49273,-0.54337,2.387238,67.05,16.23268133,0.52297668,NULL,4470,NULL,0.2865293,,47.3,0.599,NULL,NULL,0.0715113,38,0.30212,NULL,498304,15.63974,0.0457
Timor-Leste,2016,3.364898,3130.572,68.735,4.5,25.24625,-0.51056,3.137049,66.69,12.59862574,-1.469842879,NULL,4230,NULL,0.2865293,,49,0.598,55.8,NULL,-0.0105038,35,0.2985,NULL,494640,19.10437,0.0466
Timor-Leste,2015,2.910035,2912.736,68.459,4.5,23,-0.52164,3.042409,66.72,13.28784057,0.646148614,NULL,5100,NULL,0.2865293,,50.8,0.61,39.4,NULL,-0.2718863,28,0.2949,NULL,501968,18.31444,0.0445
Timor-Leste,2014,4.449569,2721.05,68.197,4.5,17.5,-0.52637,4.572485,66.74,13.24952925,0.848838206,NULL,6270,NULL,0.2865293,,52.6,0.62,39.4,NULL,-0.1796949,28,0.29133,NULL,512960,16.97156,0.0423
Timor-Leste,2013,2.119224,2483.184,67.953,4.5,11,-0.68371,5.585312,66.84,13.02529208,10.98723442,NULL,7390,NULL,NULL,,54.5,0.63,NULL,NULL,-0.3846802,30,0.28779,NULL,443344,20.09924,0.0403
Timor-Leste,2012,6.021571,2320.056,67.72,4.5,7,-0.73591,7.201958,66.82,13.94516028,11.80030967,NULL,8700,NULL,NULL,,56.8,0.639,NULL,NULL,-0.2848311,33,0.28428,NULL,293120,12.92416,0.0377
Timor-Leste,2011,5.805105,2084.585,67.477,4.5,4,-0.80972,6.33161,67.05,12.58926377,13.49984024,NULL,9080,NULL,NULL,,59.1,0.644,NULL,NULL,-0.4623524,NULL,0.28079,NULL,245488,12.8285,0.0353
Timor-Leste,2010,9.459877,1964.555,67.186,4.4,3,-0.7597,8.565298,67.33,12.43531983,6.765976802,NULL,7410,NULL,NULL,,61.8,0.628,NULL,NULL,-0.4675145,NULL,0.27732,NULL,234496,9.133539,0.033
Vietnam,2019,7.017435,8381.239,75.4,8.3,68.66158,-0.51561,106.7956,77.37,137.912126,2.795823675,NULL,7890,3.19,0.3571555,,19.9,0.704,47,61.5,0.0254956,37,0.36628,74.18921,247708911,34.48966,0.0204
Vietnam,2018,7.075789,7768.08,75.317,8.2,69.84793,-0.48074,105.8318,77.69,133.1359817,3.539628059,NULL,7290,3.36,0.3571555,,20.4,0.7,47,58.1,0.0585088,33,0.35919,83.92975,211774129,34.23238,0.0116
Vietnam,2017,6.812246,7155.443,75.241,8.2,58.14,-0.58432,101.5934,77.62,130.7217968,3.520256888,0.52674,6650,2.8,NULL,,20.8,0.696,58.5,NULL,0.2302038,35,0.35213,88.50018,182584029,33.39913,0.0187
Vietnam,2016,6.210812,6572.976,75.172,8.1,53,-0.45235,93.62394,77.51,123.8148747,2.66824817,NULL,6300,2.56,0.3526707,,21.2,0.693,58.5,NULL,0.2335919,33,0.3451,65.358,185432178,32.71504,0.0185
Vietnam,2015,6.679289,6102.637,75.11,8,45,-0.42619,89.77925,77.95,111.9263296,0.631200905,0.44113,5790,0.79,,,21.5,0.688,38.2,NULL,0.0699705,31,0.33809,56.803,184435588,33.25008,0.0185
Vietnam,2014,5.983655,5745.205,75.056,7.8,41,-0.43615,86.40476,77.9,100.3001702,4.084554466,NULL,5470,3.28,0.3475538,,21.8,0.683,38.2,NULL,-0.0223474,31,0.33115,59.396,159582806,33.21439,0.0126
Vietnam,2013,5.421883,5358.947,75.006,7.9,38.5,-0.47812,83.62614,77.74,96.80326851,6.592674759,0.37359,5130,2.16,,,22.1,0.681,50.6,NULL,0.2505773,31,0.32429,51.586,140893212,33.19004,0.0132
Vietnam,2012,5.247367,5042.481,74.958,7.8,36.8,-0.52803,80.02862,76.75,94.83221168,9.094703396,NULL,4840,3.5,0.3564589,,22.3,0.676,NULL,NULL,0.2673587,31,0.31752,52.417,135685893,33.55779,0.0103
Vietnam,2011,6.240303,4523.253,74.904,7.6,35.07,-0.60729,79.39087,76.52,101.7990061,18.67773228,0.19044,4330,8.07,,,22.6,0.671,NULL,NULL,0.1890884,NULL,0.3108,40.664,145047830,32.24441,0.01
Vietnam,2010,6.423238,4213.296,74.837,7.5,30.65,-0.62374,72.00236,76.29,114.7234701,9.207466488,NULL,4050,5.72,0.3925272,,22.9,0.661,NULL,NULL,0.1484079,NULL,0.30417,27.386,136113090,32.13189,0.0111
