Country Name,Country Code,Indicator Name,Indicator Code,1960,1961,1962,1963,1964,1965,1966,1967,1968,1969,1970,1971,1972,1973,1974,1975,1976,1977,1978,1979,1980,1981,1982,1983,1984,1985,1986,1987,1988,1989,1990,1991,1992,1993,1994,1995,1996,1997,1998,1999,2000,2001,2002,2003,2004,2005,2006,2007,2008,2009,2010,2011,2012,2013,2014,2015,2016,2017,2018,2019,2020
Aruba,ABW,"GNI per capita, PPP (current international $)",NY.GNP.PCAP.PP.CD,,,,,,,,,,,,,,,,,,,,,,,,,,,,,,,23070,24800,25400,26090,27270,27390,27200,28780,29410,28980,31620,30140,27760,29550,31950,27060,33630,31230,35660,32360,30710,31000,32030,34610,35420,35740,35880,36750,,,
Africa Eastern and Southern,AFE,"GNI per capita, PPP (current international $)",NY.GNP.PCAP.PP.CD,,,,,,,,,,,,,,,,,,,,,,,,,,,,,,,1603.20428,1633.512188,1543.226092,1571.128891,1588.605912,1685.728665,1763.682792,1822.30519,1824.553575,1841.826477,1904.29732,1960.320162,2024.471579,2077.045709,2195.689146,2344.163632,2501.539355,2676.349866,2771.180905,2796.63887,2907.875176,2992.915127,2982.141316,3096.506498,3263.313683,3288.860411,3368.666456,3448.672901,3540.132713,3589.956043,3454.23646
Afghanistan,AFG,"GNI per capita, PPP (current international $)",NY.GNP.PCAP.PP.CD,,,,,,,,,,,,,,,,,,,,,,,,,,,,,,,,,,,,,,,,,,,,,,,,,,1520,1710,1700,1920,2020,2070,2110,2000,2090,2100,2190,2110
Africa Western and Central,AFW,"GNI per capita, PPP (current international $)",NY.GNP.PCAP.PP.CD,,,,,,,,,,,,,,,,,,,,,,,,,,,,,,,1587.447841,1623.545374,1649.11461,1599.592404,1609.27432,1642.737163,1715.967329,1774.26701,1804.6799,1838.595948,1808.317487,1925.958638,2085.143807,2168.336816,2333.376341,2494.119848,2761.140041,2867.448881,3013.457255,3125.962564,3273.459922,3410.62032,3526.630932,3754.318764,3975.069079,4013.225832,3951.220855,3965.33366,4040.129229,4167.62499,4066.878688
Angola,AGO,"GNI per capita, PPP (current international $)",NY.GNP.PCAP.PP.CD,,,,,,,,,,,,,,,,,,,,,,,,,,,,,,,2990,3310,1630,1490,1260,2350,2420,2830,2820,2640,2790,2910,3380,3470,3780,4310,4730,5350,5580,5840,5950,6130,6810,7130,7680,6960,6730,6860,6550,6370,6020
Albania,ALB,"GNI per capita, PPP (current international $)",NY.GNP.PCAP.PP.CD,,,,,,,,,,,,,,,,,,,,,,,,,,,,,,,2550,1880,1740,2110,2300,2710,3050,2780,3110,3550,3980,4460,4800,5150,5560,5990,6750,7480,8260,8680,9540,10210,10450,10750,11360,11800,12280,12800,13530,14040,13580
Andorra,AND,"GNI per capita, PPP (current international $)",NY.GNP.PCAP.PP.CD,,,,,,,,,,,,,,,,,,,,,,,,,,,,,,,,,,,,,,,,,,,,,,,,,,,,,,,,,,,,,
Arab World,ARB,"GNI per capita, PPP (current international $)",NY.GNP.PCAP.PP.CD,,,,,,,,,,,,,,,,,,,,,,,,,,,,,,,6979.144455,7558.461541,7965.474663,8200.372133,8303.368974,8450.913411,8711.770894,9001.269907,9528.872582,9592.330557,10190.88559,10395.27301,10244.47973,10623.09162,11690.86608,12348.54843,13274.01735,14002.15582,14723.90804,14526.2474,14942.96475,15370.42635,16398.98153,16373.58715,16126.4592,14516.38279,14048.61866,14572.52681,14907.58877,15109.63988,14476.70316
United Arab Emirates,ARE,"GNI per capita, PPP (current international $)",NY.GNP.PCAP.PP.CD,,,,,,,,,,,,,,,,,,,,,,,,,,,,,,,,,,,,,,,,,103160,101460,96350,99190,102360,99230,97720,89930,80690,68870,64860,67710,69160,70460,73740,65220,64340,67670,68810,70300,
Argentina,ARG,"GNI per capita, PPP (current international $)",NY.GNP.PCAP.PP.CD,,,,,,,,,,,,,,,,,,,,,,,,,,,,,,,6880,7760,8560,9410,10030,9790,10370,11260,11650,11280,11310,10900,9540,10580,10860,12030,14460,16130,16970,15830,17440,18770,19150,19650,19250,19700,19860,23000,22470,22080,20210
Armenia,ARM,"GNI per capita, PPP (current international $)",NY.GNP.PCAP.PP.CD,,,,,,,,,,,,,,,,,,,,,,,,,,,,,,,2670,2550,1290,1480,1630,1870,2050,2240,2390,2510,2740,3090,3580,4180,4810,5680,6720,7960,8790,7530,7880,8310,9740,10440,10490,10370,10950,12540,13250,14470,13080
American Samoa,ASM,"GNI per capita, PPP (current international $)",NY.GNP.PCAP.PP.CD,,,,,,,,,,,,,,,,,,,,,,,,,,,,,,,,,,,,,,,,,,,,,,,,,,,,,,,,,,,,,
Antigua and Barbuda,ATG,"GNI per capita, PPP (current international $)",NY.GNP.PCAP.PP.CD,,,,,,,,,,,,,,,,,,,,,,,,,,,,,,,10480,11300,11580,12440,13240,12630,13490,14290,14880,15320,15940,15670,15530,16670,17800,19440,22240,24590,24550,21510,20110,19720,18950,18180,18110,17720,18570,18780,20490,21030,18610
Australia,AUS,"GNI per capita, PPP (current international $)",NY.GNP.PCAP.PP.CD,,,,,,,,,,,,,,,,,,,,,,,,,,,,,,,16720,17060,17460,18600,19600,20160,21180,22150,23410,24470,25560,26610,27940,28900,30410,31360,32950,34910,35930,38890,37770,40280,41520,44760,45650,45340,46220,47160,48660,50540,51420
Austria,AUT,"GNI per capita, PPP (current international $)",NY.GNP.PCAP.PP.CD,,,,,,,,,,,,,,,,,,,,,,,,,,,,,,,19510,20550,21290,21740,22620,23550,24490,25300,26510,27170,29130,29310,31000,32030,33700,34940,37700,39340,41660,40930,42390,44600,46500,48050,48860,49370,52680,53660,56530,58940,
Azerbaijan,AZE,"GNI per capita, PPP (current international $)",NY.GNP.PCAP.PP.CD,,,,,,,,,,,,,,,,,,,,,,,,,,,,,,,,,,3280,2650,2350,2400,2560,2820,3030,3220,3590,3970,4430,4820,6000,8190,10120,11780,13120,13950,13710,14980,16230,16850,14370,13430,13510,13790,14410,14300
Burundi,BDI,"GNI per capita, PPP (current international $)",NY.GNP.PCAP.PP.CD,,,,,,,,,,,,,,,,,,,,,,,,,,,,,,,610,650,650,620,590,550,510,500,530,520,540,530,550,530,550,560,590,610,630,640,660,680,690,740,780,840,800,770,780,790,780
Belgium,BEL,"GNI per capita, PPP (current international $)",NY.GNP.PCAP.PP.CD,,,,,,,,,,,,,,,,,,,,,,,,,,,,,,,18700,19690,20360,20760,21990,22880,23220,24300,24960,26030,28510,29340,30810,31490,32480,33590,35720,37260,38800,38480,40480,41010,43270,44750,45870,46850,49060,50900,53180,55370,
Benin,BEN,"GNI per capita, PPP (current international $)",NY.GNP.PCAP.PP.CD,,,,,,,,,,,,,,,,,,,,,,,,,,,,,,,1230,1290,1290,1370,1370,1440,1490,1560,1610,1670,1750,1830,1880,1920,2000,2050,2130,2250,2350,2350,2350,2410,2480,2650,2820,2860,2980,3010,3200,3390,3470
Burkina Faso,BFA,"GNI per capita, PPP (current international $)",NY.GNP.PCAP.PP.CD,,,,,,,,,,,,,,,,,,,,,,,,,,,,,,,590,650,640,660,670,700,780,810,860,910,920,970,1000,1060,1110,1200,1290,1340,1400,1390,1460,1520,1580,1640,1620,1640,1810,1970,2080,2180,2190
Bangladesh,BGD,"GNI per capita, PPP (current international $)",NY.GNP.PCAP.PP.CD,,,,,,,,,,,,,,,,,,,,,,,,,,,,,,,870,910,960,1010,1050,1100,1150,1200,1250,1300,1370,1450,1510,1590,1690,1830,2010,2200,2380,2490,2640,2830,3190,3400,3590,3790,4070,4340,4750,5190,5310
Bulgaria,BGR,"GNI per capita, PPP (current international $)",NY.GNP.PCAP.PP.CD,,,,,,,,,,,,,,,,,,,,,,,,,,,,,,,6940,6470,6790,6890,7180,7550,6610,5570,6060,5730,6270,6970,7950,8550,9300,10320,11110,11860,13650,13740,14570,15170,16030,16220,17410,17770,19400,20870,22190,24180,23780
Bahrain,BHR,"GNI per capita, PPP (current international $)",NY.GNP.PCAP.PP.CD,,,,,,,,,,,,,,,,,,,,,,,,,,,,,,,28280,31310,32190,34690,34260,36690,38110,37590,39050,39240,41140,40590,39640,40950,42250,44230,45240,46880,46130,41630,42550,41180,49020,49600,48600,43030,42280,45030,44700,44330,
"Bahamas, The",BHS,"GNI per capita, PPP (current international $)",NY.GNP.PCAP.PP.CD,,,,,,,,,,,,,,,,,,,,,,,,,,,,,,,20840,20230,19870,19860,20550,23720,26040,24300,23050,26250,27550,28270,29110,28860,29410,30690,31710,32400,32190,30300,30460,30940,31880,31770,31850,32280,32900,35250,35920,37350,31200
Bosnia and Herzegovina,BIH,"GNI per capita, PPP (current international $)",NY.GNP.PCAP.PP.CD,,,,,,,,,,,,,,,,,,,,,,,,,,,,,,,,,,,850,1080,2210,3090,4430,4770,5040,5190,5530,5720,6500,6750,7630,8430,9360,9380,9510,10060,10380,11160,11530,12090,13090,13640,14830,15840,15660
Belarus,BLR,"GNI per capita, PPP (current international $)",NY.GNP.PCAP.PP.CD,,,,,,,,,,,,,,,,,,,,,,,,,,,,,,,5230,5340,4930,4650,4170,3840,4040,4580,5040,5330,5780,6220,6690,7370,8490,9630,10970,12220,13780,13830,15050,16170,17660,18260,18360,17240,16900,17580,18650,19520,19320
Belize,BLZ,"GNI per capita, PPP (current international $)",NY.GNP.PCAP.PP.CD,,,,,,,,,,,,,,,,,,,,,,,,,,,,,,,3270,3690,4130,4400,4360,4400,4380,4470,4460,4710,5210,5320,5530,5880,6030,6220,6550,6430,6630,6930,6800,7170,6700,6680,6600,6840,6790,6710,6730,6960,5880
Bermuda,BMU,"GNI per capita, PPP (current international $)",NY.GNP.PCAP.PP.CD,,,,,,,,,,,,,,,,,,,,,,,,,,,,,,,,,,,,,,,,,,,,,,,,,,,72180,71790,70450,72180,71390,74460,78530,85190,86090,86450,
Bolivia,BOL,"GNI per capita, PPP (current international $)",NY.GNP.PCAP.PP.CD,,,,,,,,,,,,,,,,,,,,,,,,,,,,,,,2250,2410,2490,2600,2730,2860,2990,3140,3280,3270,3350,3410,3490,3540,3690,3930,4180,4400,4710,4790,4930,5240,5570,6210,6690,6890,7360,8170,8650,8910,8250
Brazil,BRA,"GNI per capita, PPP (current international $)",NY.GNP.PCAP.PP.CD,,,,,,,,,,,,,,,,,,,,,,,,,,,,,,,6520,6760,6780,7110,7420,7970,8060,8310,8200,8160,8800,8960,9250,9420,10140,10670,11350,12280,12990,12980,13860,14650,14670,15370,15430,14470,13950,14250,14600,14980,14550
Barbados,BRB,"GNI per capita, PPP (current international $)",NY.GNP.PCAP.PP.CD,,,,,,,,,,,,,,,,,,,,,,,,,,,,,,,9360,9300,8980,9190,9520,9820,10320,11010,11500,11600,12310,12180,12390,12810,13400,14140,15120,16140,16310,15680,15730,15250,14740,14700,14540,14810,15220,15080,15320,15740,13010
Brunei Darussalam,BRN,"GNI per capita, PPP (current international $)",NY.GNP.PCAP.PP.CD,,,,,,,,,,,,,,,,,,,,,,,,,,,,,,,55920,57950,60350,60250,61770,64190,65590,64190,63100,64530,66440,68350,70720,72760,73810,75210,79770,81430,80340,78680,79690,81680,86130,82860,81300,65690,60420,64620,62220,66460,
Bhutan,BTN,"GNI per capita, PPP (current international $)",NY.GNP.PCAP.PP.CD,,,,,,,,,,,,,,,,,,,,,,,,,,,,,,,1460,1450,1500,1600,1770,1820,1960,2120,2060,2140,2690,2920,3180,3400,3640,4000,4390,5230,5450,5730,6310,6830,7280,7430,8050,8820,9560,10170,10580,11210,10480
Botswana,BWA,"GNI per capita, PPP (current international $)",NY.GNP.PCAP.PP.CD,,,,,,,,,,,,,,,,,,,,,,,,,,,,,,,5520,6220,6440,6830,6240,6970,7000,7720,8090,8190,8250,8610,8150,8860,9060,9830,10850,11920,12630,12080,12680,13940,13390,14070,15830,15060,15840,15900,16530,17120,15570
Central African Republic,CAF,"GNI per capita, PPP (current international $)",NY.GNP.PCAP.PP.CD,,,,,,,,,,,,,,,,,,,,,,,,,,,,,,,630,630,590,580,600,640,610,640,660,690,660,700,720,680,720,740,780,830,840,910,960,1020,1110,750,730,800,860,960,1030,1060,1040
Canada,CAN,"GNI per capita, PPP (current international $)",NY.GNP.PCAP.PP.CD,,,,,,,,,,,,,,,,,,,,,,,,,,,,,,,,,,,,,,24470,25430,26900,28590,29360,30180,31540,33180,35580,37500,38970,39780,38220,39320,40880,41540,43620,45010,43990,45900,47700,49390,50010,47500
Central Europe and the Baltics,CEB,"GNI per capita, PPP (current international $)",NY.GNP.PCAP.PP.CD,,,,,,,,,,,,,,,,,,,,,,,,,,,,,,,,,6537.689188,6847.600097,7308.89947,7878.200905,8278.943318,8568.344076,8953.398311,9235.76519,9864.366731,10640.22472,11442.55543,12031.42243,12982.49645,13898.51517,15341.63621,16898.92077,19018.99252,19121.23613,20086.62552,21342.87623,22174.67435,23240.58498,24197.06558,25222.68034,26896.33751,28870.28319,30808.65059,33006.19186,32942.61523
Switzerland,CHE,"GNI per capita, PPP (current international $)",NY.GNP.PCAP.PP.CD,,,,,,,,,,,,,,,,,,,,,,,,,,,,,,,,,,,,31470,32230,34120,35450,36660,39110,39310,39750,41230,42690,45080,49720,51350,50560,54270,57900,58510,61140,63430,64210,67430,68440,67870,70230,73620,
Channel Islands,CHI,"GNI per capita, PPP (current international $)",NY.GNP.PCAP.PP.CD,,,,,,,,,,,,,,,,,,,,,,,,,,,,,,,,,,,,,,,,,,,,,,,,,,,,,,,,,,,,,
Chile,CHL,"GNI per capita, PPP (current international $)",NY.GNP.PCAP.PP.CD,,,,,,,,,,,,,,,,,,,,,,,,,,,,,,,4270,4700,5390,5910,6270,7070,7750,8370,8790,8720,9220,9640,9930,10180,10840,11640,13840,15050,15220,15060,16880,19110,20490,21300,21910,22010,22710,23460,23620,25040,23980
China,CHN,"GNI per capita, PPP (current international $)",NY.GNP.PCAP.PP.CD,,,,,,,,,,,,,,,,,,,,,,,,,,,,,,,990,1100,1260,1450,1660,1830,2030,2240,2410,2620,2890,3160,3500,3910,4410,5020,5830,6830,7620,8290,9210,10200,11170,11830,12570,12930,13520,14330,15520,16730,17200
Cote d'Ivoire,CIV,"GNI per capita, PPP (current international $)",NY.GNP.PCAP.PP.CD,,,,,,,,,,,,,,,,,,,,,,,,,,,,,,,1750,1780,1770,1740,1800,1910,2060,2140,2230,2230,2080,2030,1960,1870,2000,2210,2260,2310,2370,2410,2430,2310,2540,2700,3050,4550,4620,4690,4960,5290,5300
Cameroon,CMR,"GNI per capita, PPP (current international $)",NY.GNP.PCAP.PP.CD,,,,,,,,,,,,,,,,,,,,,,,,,,,,,,,1780,1680,1630,1500,1520,1550,1610,1670,1750,1800,1830,1880,1960,2080,2250,2290,2410,2500,2590,2620,2650,2750,2810,2950,3160,3210,3350,3490,3620,3720,3720
"Congo, Dem. Rep.",COD,"GNI per capita, PPP (current international $)",NY.GNP.PCAP.PP.CD,,,,,,,,,,,,,,,,,,,,,,,,,,,,,,,,,,,500,490,520,490,480,440,440,410,430,450,470,500,530,550,560,580,610,640,630,690,780,840,940,1030,1080,1110,1100
"Congo, Rep.",COG,"GNI per capita, PPP (current international $)",NY.GNP.PCAP.PP.CD,,,,,,,,,,,,,,,,,,,,,,,,,,,,,,,2940,3040,3220,2960,2940,2150,2190,2620,2810,2510,2710,2780,2930,2990,2870,3310,3980,3650,3990,4570,4970,4890,5990,5930,6020,4610,3670,3650,3430,3140,3110
Colombia,COL,"GNI per capita, PPP (current international $)",NY.GNP.PCAP.PP.CD,,,,,,,,,,,,,,,,,,,,,,,,,,,,,,,4810,5000,5240,5580,5980,6310,6420,6640,6660,6380,6550,6670,6830,7070,7540,8120,8800,9490,9830,9940,10340,11110,11560,12280,12910,13080,13660,13910,14480,15280,14280
Comoros,COM,"GNI per capita, PPP (current international $)",NY.GNP.PCAP.PP.CD,,,,,,,,,,,,,,,,,,,,,,,,,,,,,,,1580,1510,1640,1670,1570,1610,1580,1620,1620,1630,1800,1840,1860,1890,1930,2000,2070,2100,2160,2190,2250,2340,2510,2640,2720,2720,2880,3050,3160,3200,3330
Cabo Verde,CPV,"GNI per capita, PPP (current international $)",NY.GNP.PCAP.PP.CD,,,,,,,,,,,,,,,,,,,,,,,,,,,,,,,1070,1090,1210,1300,1540,1740,1920,2130,2360,2600,2960,3080,3200,3360,3740,4010,4380,5210,5560,5470,5440,5730,5570,5590,5460,5770,6100,6410,6860,7320,6230
Costa Rica,CRI,"GNI per capita, PPP (current international $)",NY.GNP.PCAP.PP.CD,,,,,,,,,,,,,,,,,,,,,,,,,,,,,,,4810,5050,5510,5890,6210,6420,6490,6800,7130,7250,7480,7770,8030,8400,8910,9470,10410,11460,12150,11820,12450,13090,13870,14460,15400,16360,18270,19280,19870,20520,19840
Caribbean small states,CSS,"GNI per capita, PPP (current international $)",NY.GNP.PCAP.PP.CD,,,,,,,,,,,,,,,,,,,,,,,,,,,,,,,5729.456568,5970.46191,6312.109256,6746.88731,6939.972113,7362.060908,7798.316735,8040.611605,8216.258157,8648.694989,9038.610142,9350.180211,9813.852584,10545.74556,11343.92969,11964.44651,13148.64373,13974.46346,14434.34376,13873.52905,14222.83683,14183.53357,14417.39796,14837.23304,14834.60487,14805.85581,14660.65825,15337.47385,15660.80845,16158.81013,14686.19718
Cuba,CUB,"GNI per capita, PPP (current international $)",NY.GNP.PCAP.PP.CD,,,,,,,,,,,,,,,,,,,,,,,,,,,,,,,,,,,,,,,,,,,,,,,,,,,,,,,,,,,,,
Curacao,CUW,"GNI per capita, PPP (current international $)",NY.GNP.PCAP.PP.CD,,,,,,,,,,,,,,,,,,,,,,,,,,,,,,,,,,,,,,,,,,,,,,25350,25930,26750,26940,26440,26790,27060,25800,25470,25120,25070,24680,25690,26520,26620,
Cayman Islands,CYM,"GNI per capita, PPP (current international $)",NY.GNP.PCAP.PP.CD,,,,,,,,,,,,,,,,,,,,,,,,,,,,,,,,,,,,,,,,,,,,,,,,,,,59910,61850,42510,37500,36380,38100,40050,46720,51280,58100,
Cyprus,CYP,"GNI per capita, PPP (current international $)",NY.GNP.PCAP.PP.CD,,,,,,,,,,,,,,,,,,,,,,,,,,,,,,,13240,13440,14630,14730,15590,16190,16440,16800,19320,18530,19470,21240,22340,23270,24460,26320,28310,30740,34260,33820,32970,34190,31610,30020,29280,31610,34300,36810,38930,39850,36840
Czech Republic,CZE,"GNI per capita, PPP (current international $)",NY.GNP.PCAP.PP.CD,,,,,,,,,,,,,,,,,,,,,,,,,,,,,,,,,11820,12180,12800,13720,14440,14600,14760,15110,15930,17130,17600,18860,19920,21070,22400,24560,26270,25860,25810,26660,27370,28860,30270,31570,33660,36630,38800,40360,
Germany,DEU,"GNI per capita, PPP (current international $)",NY.GNP.PCAP.PP.CD,,,,,,,,,,,,,,,,,,,,,,,,,,,,,,,19630,21020,21730,21860,22740,23480,24020,24520,25200,26110,27060,28180,28870,29570,31500,32060,34690,36770,38160,37670,39760,43630,44400,46040,47950,48690,51830,54210,56440,57410,55220
Djibouti,DJI,"GNI per capita, PPP (current international $)",NY.GNP.PCAP.PP.CD,,,,,,,,,,,,,,,,,,,,,,,,,,,,,,,,,,,,,,,,,,,,,,,,,,,,,,4210,4490,4850,4950,5100,5520,5610,5620
Dominica,DMA,"GNI per capita, PPP (current international $)",NY.GNP.PCAP.PP.CD,,,,,,,,,,,,,,,,,,,,,,,,,,,,,,,4190,4350,4540,4760,4770,4970,5140,5420,5780,5720,5750,6160,6000,6510,6780,7100,7980,8630,9490,9570,9830,9980,9570,9860,10560,10750,11510,11340,11800,12200,10740
Denmark,DNK,"GNI per capita, PPP (current international $)",NY.GNP.PCAP.PP.CD,,,,,,,,,,,,,,,,,,,,,,,,,,,,,,,17580,18350,19160,19680,21160,22230,23220,24470,25450,26370,28020,29020,30260,30510,32950,34430,37740,39150,41740,40760,43740,45340,45820,48210,49640,50550,53250,56570,59060,62120,62180
Dominican Republic,DOM,"GNI per capita, PPP (current international $)",NY.GNP.PCAP.PP.CD,,,,,,,,,,,,,,,,,,,,,,,,,,,,,,,3540,3620,4040,4290,4440,4710,5030,5490,5820,6140,6480,6680,6990,6760,6910,7920,8830,9600,10110,10160,11000,11410,11430,11890,12820,14130,15420,15940,17350,18310,17060
Algeria,DZA,"GNI per capita, PPP (current international $)",NY.GNP.PCAP.PP.CD,,,,,,,,,,,,,,,,,,,,,,,,,,,,,,,6660,6510,6690,6630,6530,6710,6980,7120,7490,7690,8030,8500,8930,9620,10140,10840,11310,12130,12550,12600,13060,13360,13060,12770,12710,11690,11510,11560,11620,11700,11010
East Asia & Pacific (excluding high income),EAP,"GNI per capita, PPP (current international $)",NY.GNP.PCAP.PP.CD,,,,,,,,,,,,,,,,,,,,,,,,,,,,,,,1419.789887,1557.726984,1731.979542,1936.041713,2162.748526,2370.079076,2596.107243,2787.810276,2799.235919,2968.03545,3233.940643,3498.628973,3805.903936,4176.001469,4630.828104,5157.355749,5852.925232,6692.130463,7354.174603,7850.4357,8643.459191,9456.894517,10288.61511,10828.94394,11413.67927,11700.67804,12220.49728,12910.32649,13927.67834,14930.11891,15093.56656
Early-demographic dividend,EAR,"GNI per capita, PPP (current international $)",NY.GNP.PCAP.PP.CD,,,,,,,,,,,,,,,,,,,,,,,,,,,,,,,2862.760298,3041.877516,3181.24892,3278.345775,3377.877493,3498.829294,3690.08107,3845.533883,3811.504175,3881.14667,4071.400483,4184.482346,4261.997835,4496.15862,4831.904099,5201.793486,5659.549006,6095.989803,6388.826341,6483.929325,6878.20316,7274.762945,7637.309969,7871.62517,8093.762955,8197.000262,8459.429762,8886.904798,9309.223906,9568.541626,9120.528716
East Asia & Pacific,EAS,"GNI per capita, PPP (current international $)",NY.GNP.PCAP.PP.CD,,,,,,,,,,,,,,,,,,,,,,,,,,,,,,,3194.403771,3436.838057,3660.098528,3904.345654,4195.008399,4491.285419,4811.319962,5069.250825,5055.681011,5285.490476,5694.796462,6005.939672,6385.569116,6810.043978,7396.912374,8019.943487,8843.399423,9806.24263,10448.7467,10792.32394,11724.40684,12585.0485,13456.59019,14124.48417,14720.79763,15105.43431,15588.63533,16336.12562,17369.52543,18348.62836,18551.57405
Europe & Central Asia (excluding high income),ECA,"GNI per capita, PPP (current international $)",NY.GNP.PCAP.PP.CD,,,,,,,,,,,,,,,,,,,,,,,,,,,,,,,6854.726351,6690.189709,6166.106486,5968.70537,5436.027194,5460.924912,5533.064107,5743.639557,5238.583548,5401.113565,6046.99929,6438.523828,6903.92376,7566.875381,8511.657408,9527.547387,11330.23472,12665.51226,14526.85393,14018.58895,14972.55377,16453.6188,17449.96633,18767.10264,19231.89518,18915.21028,19356.92795,20627.92196,21968.49738,22360.68677,22171.5761
Europe & Central Asia,ECS,"GNI per capita, PPP (current international $)",NY.GNP.PCAP.PP.CD,,,,,,,,,,,,,,,,,,,,,,,,,,,,,,,11745.78885,12068.31738,12128.73683,12232.08414,12449.62949,12822.19077,13266.56589,13880.99104,14158.94572,14720.52066,15875.80354,16657.25743,17423.70509,18079.56804,19230.97921,20295.58241,22418.00445,23928.35735,25475.65196,24899.09575,25994.94019,27495.15987,28248.01667,29517.88077,30247.62305,30640.10382,32056.69821,33750.45344,35427.49807,36514.61992,
Ecuador,ECU,"GNI per capita, PPP (current international $)",NY.GNP.PCAP.PP.CD,,,,,,,,,,,,,,,,,,,,,,,,,,,,,,,4450,4750,4920,5060,5290,5420,5480,5720,5820,5370,5450,5790,6050,6210,6760,7270,7720,7970,8640,8640,8950,9700,10160,10990,11540,10870,10830,11360,11530,11520,10580
"Egypt, Arab Rep.",EGY,"GNI per capita, PPP (current international $)",NY.GNP.PCAP.PP.CD,,,,,,,,,,,,,,,,,,,,,,,,,,,,,,,3620,3820,3990,4120,4280,4490,4710,4950,5200,5460,5820,6080,6150,6330,6630,7010,7640,8290,8890,9140,9330,9440,10840,10930,10640,11310,11040,10800,11350,11820,12210
Euro area,EMU,"GNI per capita, PPP (current international $)",NY.GNP.PCAP.PP.CD,,,,,,,,,,,,,,,,,,,,,,,,,,,,,,,17015.74425,17938.51528,18508.74529,18765.57637,19536.89878,20417.87393,21067.94615,21945.09818,22941.15069,23885.14122,25363.93464,26460.85266,27385.9259,27820.28469,29039.91693,30091.66136,32588.36432,34364.20344,35549.69548,34909.43759,35913.17728,37599.6632,38032.08791,39253.79681,40164.05114,41095.42212,43705.45659,45797.8752,47813.38539,49526.83148,
Eritrea,ERI,"GNI per capita, PPP (current international $)",NY.GNP.PCAP.PP.CD,,,,,,,,,,,,,,,,,,,,,,,,,,,,,,,,,810,950,1190,1280,1390,1540,1590,1600,1530,1630,1630,1540,1530,1560,1550,1570,1410,1450,1470,1610,,,,,,,,,
Spain,ESP,"GNI per capita, PPP (current international $)",NY.GNP.PCAP.PP.CD,,,,,,,,,,,,,,,,,,,,,,,,,,,,,,,13500,14280,14650,14830,15230,16120,16700,17690,18850,19770,21440,22640,24100,24810,25880,27230,30110,31630,32340,31500,31240,31310,31470,32220,33400,34900,37380,39540,40790,42250,
Estonia,EST,"GNI per capita, PPP (current international $)",NY.GNP.PCAP.PP.CD,,,,,,,,,,,,,,,,,,,,,,,,,,,,,,,,,,,,,,,,,9070,9810,11050,12360,13710,15870,18250,20450,21640,19980,20650,23530,25110,26980,28310,28750,30870,33040,35620,37940,
Ethiopia,ETH,"GNI per capita, PPP (current international $)",NY.GNP.PCAP.PP.CD,,,,,,,,,,,,,,,,,,,,,,,,,,,,,,,410,380,340,380,390,410,460,460,440,460,480,520,520,500,570,640,710,790,870,930,1020,1130,1210,1280,1510,1650,1870,2010,2140,2300,2410
European Union,EUU,"GNI per capita, PPP (current international $)",NY.GNP.PCAP.PP.CD,,,,,,,,,,,,,,,,,,,,,,,,,,,,,,,14698.49969,15383.93009,15856.44886,16120.41724,16848.405,17677.34448,18284.98919,19031.76997,19896.52387,20729.90223,22061.21791,23093.69174,24024.37769,24524.97588,25728.44753,26747.45421,29066.47535,30834.7535,32265.83579,31789.78882,32847.57941,34450.1152,34975.3798,36174.25051,37109.24272,38103.98295,40530.44799,42639.44485,44650.14671,46515.23073,
Fragile and conflict affected situations,FCS,"GNI per capita, PPP (current international $)",NY.GNP.PCAP.PP.CD,,,,,,,,,,,,,,,,,,,,,,,,,,,,,,,1758.922497,1845.617929,1922.32174,1964.409101,1957.745435,2002.854355,2080.571703,2197.366631,2314.916865,2371.558162,2487.133927,2601.028443,2585.364449,2470.133897,2834.725968,3031.199575,3361.431394,3617.737357,3850.644675,3930.203248,4101.109143,4034.077529,4348.926204,4484.37235,4596.922797,4359.553749,4351.836383,4505.510093,4611.459013,4723.341461,4438.303333
Finland,FIN,"GNI per capita, PPP (current international $)",NY.GNP.PCAP.PP.CD,,,,,,,,,,,,,,,,,,,,,,,,,,,,,,,17790,17040,16530,16620,17700,18970,19590,21460,23120,24520,26630,27800,28690,28850,31400,32190,34720,37900,40150,38470,39490,41070,41060,41660,42180,42920,45140,47590,49950,51800,51650
Fiji,FJI,"GNI per capita, PPP (current international $)",NY.GNP.PCAP.PP.CD,,,,,,,,,,,,,,,,,,,,,,,,,,,,,,,4050,4070,4340,4470,4670,4960,5270,5160,5150,5650,5950,6010,6400,6520,7040,7380,7280,7460,7590,7620,7670,8010,8510,9350,10820,11660,11940,12370,13260,13090,10910
France,FRA,"GNI per capita, PPP (current international $)",NY.GNP.PCAP.PP.CD,,,,,,,,,,,,,,,,,,,,,,,,,,,,,,,17670,18340,18990,19250,20020,20800,21490,22510,23660,24790,26510,28000,28820,28520,29440,31020,33070,34760,35860,35500,36760,38440,38500,40410,41010,41730,43830,45580,47600,50400,
Faroe Islands,FRO,"GNI per capita, PPP (current international $)",NY.GNP.PCAP.PP.CD,,,,,,,,,,,,,,,,,,,,,,,,,,,,,,,,,,,,,,,,,,,,,,,,,,,,,,,,,,,,,
"Micronesia, Fed. Sts.",FSM,"GNI per capita, PPP (current international $)",NY.GNP.PCAP.PP.CD,,,,,,,,,,,,,,,,,,,,,,,,,,,,,,,,,,2360,2360,2420,2360,2180,2250,2380,2550,2660,2710,2800,2830,3010,3120,3190,3160,3340,3380,3530,3550,3540,3470,3980,3930,3960,3630,4100,
Gabon,GAB,"GNI per capita, PPP (current international $)",NY.GNP.PCAP.PP.CD,,,,,,,,,,,,,,,,,,,,,,,,,,,,,,,11190,11960,11200,11430,12120,12450,12810,13430,14000,12530,11850,12350,12710,12640,12120,13280,12470,12960,12500,12570,12890,13490,13820,13650,14570,13480,13180,14060,14110,14320,14130
United Kingdom,GBR,"GNI per capita, PPP (current international $)",NY.GNP.PCAP.PP.CD,,,,,,,,,,,,,,,,,,,,,,,,,,,,,,,17310,17690,18330,19170,20620,19900,21140,22650,23740,24330,26520,27930,29370,30620,32240,33030,34690,35340,36310,34780,36490,37320,37900,39120,40450,41590,43080,45180,46530,47620,
Georgia,GEO,"GNI per capita, PPP (current international $)",NY.GNP.PCAP.PP.CD,,,,,,,,,,,,,,,,,,,,,,,,,,,,,,,,,2580,1830,1700,1800,2160,2660,2890,3080,3140,3400,3660,4170,4610,5220,5980,6830,7100,6960,7430,8120,9720,10420,11420,11820,12260,12920,14030,14930,14160
Ghana,GHA,"GNI per capita, PPP (current international $)",NY.GNP.PCAP.PP.CD,,,,,,,,,,,,,,,,,,,,,,,,,,,,,,,1220,1290,1340,1390,1430,1480,1530,1580,1640,1690,1740,1810,1880,1960,2080,2220,2380,2490,2700,2780,2920,3270,3590,5150,5280,5050,4800,4860,5220,5480,5470
Gibraltar,GIB,"GNI per capita, PPP (current international $)",NY.GNP.PCAP.PP.CD,,,,,,,,,,,,,,,,,,,,,,,,,,,,,,,,,,,,,,,,,,,,,,,,,,,,,,,,,,,,,
Guinea,GIN,"GNI per capita, PPP (current international $)",NY.GNP.PCAP.PP.CD,,,,,,,,,,,,,,,,,,,,,,,,,,,,,,,850,880,910,960,1000,1040,1080,1120,1140,1180,1200,1240,1320,1280,1320,1350,1460,1560,1620,1560,1640,1710,1770,1720,1750,1790,2040,2410,2470,2540,2580
"Gambia, The",GMB,"GNI per capita, PPP (current international $)",NY.GNP.PCAP.PP.CD,,,,,,,,,,,,,,,,,,,,,,,,,,,,,,,1470,1530,1570,1610,1590,1600,1620,1650,1670,1740,1810,1900,1790,1920,2100,2050,2030,2090,2210,2300,2390,2170,2150,2080,1980,2020,2030,2030,2170,2280,2240
Guinea-Bissau,GNB,"GNI per capita, PPP (current international $)",NY.GNP.PCAP.PP.CD,,,,,,,,,,,,,,,,,,,,,,,,,,,,,,,990,1040,1050,1070,1110,1150,1280,1370,970,980,1040,1050,1060,1060,1090,1150,1190,1240,1260,1280,1330,1450,1360,1340,1430,1640,1790,1930,1880,2060,1980
Equatorial Guinea,GNQ,"GNI per capita, PPP (current international $)",NY.GNP.PCAP.PP.CD,,,,,,,,,,,,,,,,,,,,,,,,,,,,,,,690,700,940,1020,1020,1100,1750,4550,5020,6470,5890,6420,8230,7840,9850,14200,23340,26790,28460,24770,19350,22180,24910,23770,22910,18130,15850,16600,15980,14070,13350
Greece,GRC,"GNI per capita, PPP (current international $)",NY.GNP.PCAP.PP.CD,,,,,,,,,,,,,,,,,,,,,,,,,,,,,,,,,,,,,,,,,,,,,,,27980,28530,29940,29710,27320,24960,25120,25940,26810,26690,27330,28490,29330,30620,
Grenada,GRD,"GNI per capita, PPP (current international $)",NY.GNP.PCAP.PP.CD,,,,,,,,,,,,,,,,,,,,,,,,,,,,,,,4530,4840,4900,4810,4940,5040,5310,5630,6280,6760,7150,7010,7270,8110,8030,10070,9930,10650,10960,9950,10300,10660,10690,11470,11860,12490,13650,14470,15530,16030,14370
Greenland,GRL,"GNI per capita, PPP (current international $)",NY.GNP.PCAP.PP.CD,,,,,,,,,,,,,,,,,,,,,,,,,,,,,,,,,,,,,,,,,,,,,,,,,,,,,,,,,,,,,
Guatemala,GTM,"GNI per capita, PPP (current international $)",NY.GNP.PCAP.PP.CD,,,,,,,,,,,,,,,,,,,,,,,,,,,,,,,3230,3420,3570,3710,3850,4020,4100,4250,4430,4550,4700,4840,4940,5050,5220,5440,5760,6150,6410,6350,6450,6720,7060,7270,7560,8000,8040,8150,8490,8850,8690
Guam,GUM,"GNI per capita, PPP (current international $)",NY.GNP.PCAP.PP.CD,,,,,,,,,,,,,,,,,,,,,,,,,,,,,,,,,,,,,,,,,,,,,,,,,,,,,,,,,,,,,
Guyana,GUY,"GNI per capita, PPP (current international $)",NY.GNP.PCAP.PP.CD,,,,,,,,,,,,,,,,,,,,,,,,,,,,,,,2720,2830,3230,3700,4170,4480,5060,5440,5480,5710,5870,6120,6280,6400,6720,6830,7240,8190,8470,8850,9350,9960,10540,11100,11020,11260,11290,11980,12700,13510,15370
High income,HIC,"GNI per capita, PPP (current international $)",NY.GNP.PCAP.PP.CD,,,,,,,,,,,,,,,,,,,,,,,,,,,,,,,18279.62158,19103.78129,19871.22631,20448.9253,21434.04049,22328.51498,23352.1742,24477.07956,25381.51719,26402.70161,28140.30718,29058.66108,29902.50155,30894.08838,32668.9026,34324.78748,36677.52452,38260.94097,39025.94316,38069.93114,39693.12684,41454.06143,42744.48959,44075.70954,45349.36453,46037.95539,47207.65035,49204.29261,51136.97848,52628.68,
"Hong Kong SAR, China",HKG,"GNI per capita, PPP (current international $)",NY.GNP.PCAP.PP.CD,,,,,,,,,,,,,,,,,,,,,,,,,,,,,,,17760,19150,20600,22930,24190,24950,24910,26620,25630,26420,28480,29490,29820,31960,35250,38260,42680,46640,49530,47250,50230,53710,52990,54710,55910,57450,58660,62450,65500,65240,62510
Honduras,HND,"GNI per capita, PPP (current international $)",NY.GNP.PCAP.PP.CD,,,,,,,,,,,,,,,,,,,,,,,,,,,,,,,1940,1870,1960,2120,2110,2220,2240,2340,2400,2370,2510,2560,2620,2700,2850,3060,3280,3550,3700,3600,3600,3720,3750,3850,4090,4490,4790,5220,5360,5520,5050
Heavily indebted poor countries (HIPC),HPC,"GNI per capita, PPP (current international $)",NY.GNP.PCAP.PP.CD,,,,,,,,,,,,,,,,,,,,,,,,,,,,,,,941.4149371,951.6502355,951.6672211,970.3067443,971.408546,1008.933967,1064.256838,1104.556835,1130.081586,1150.226265,1173.121655,1210.544595,1238.626011,1278.810173,1348.638122,1437.070004,1525.814174,1627.488997,1710.595512,1759.456626,1842.639435,1906.326347,1932.76109,2047.824981,2199.389407,2284.686277,2363.811747,2439.324438,2545.122023,2628.261013,2590.371015
Croatia,HRV,"GNI per capita, PPP (current international $)",NY.GNP.PCAP.PP.CD,,,,,,,,,,,,,,,,,,,,,,,,,,,,,,,,,,,,7980,8690,9450,9750,9660,10390,11310,12430,13090,14280,14930,16970,18870,20090,19260,19140,20130,20450,21380,21600,22860,24130,26410,28140,29790,28630
Haiti,HTI,"GNI per capita, PPP (current international $)",NY.GNP.PCAP.PP.CD,,,,,,,,,,,,,,,,,,,,,,,,,,,,,,,2050,2120,2010,1910,1690,1860,1940,1990,2020,2070,2100,2100,2110,2180,2180,2290,2370,2530,2600,2750,2630,2810,2770,2880,2910,2910,3040,2990,3070,3040,2930
Hungary,HUN,"GNI per capita, PPP (current international $)",NY.GNP.PCAP.PP.CD,,,,,,,,,,,,,,,,,,,,,,,,,,,,,,,,,,8190,8590,8780,8910,9220,9750,10170,11170,12450,13700,14600,15240,16000,17200,17600,19330,19790,20740,21900,22230,23810,24540,25570,27200,28310,30660,33070,
IBRD only,IBD,"GNI per capita, PPP (current international $)",NY.GNP.PCAP.PP.CD,,,,,,,,,,,,,,,,,,,,,,,,,,,,,,,2843.538608,2966.098552,3053.91069,3185.611415,3309.717608,3479.093718,3682.636351,3882.574792,3903.644711,4053.947213,4353.384334,4574.97527,4805.564995,5122.75568,5611.312163,6125.839644,6865.991949,7618.225264,8240.484528,8466.125576,9120.836441,9808.349766,10430.74457,10898.72172,11261.70956,11347.67106,11735.45242,12368.50702,13126.13818,13741.43654,13479.24446
IDA & IBRD total,IBT,"GNI per capita, PPP (current international $)",NY.GNP.PCAP.PP.CD,,,,,,,,,,,,,,,,,,,,,,,,,,,,,,,2534.913373,2637.542644,2711.287652,2814.957376,2913.984729,3054.395674,3224.531205,3386.531514,3404.142797,3526.99153,3766.427171,3950.876026,4140.430373,4398.6836,4801.137803,5224.369158,5828.406122,6432.979382,6927.375919,7106.347224,7623.64695,8158.521125,8638.028425,9013.275996,9313.624333,9383.16182,9672.763061,10155.85935,10742.86558,11207.7984,10968.84613
IDA total,IDA,"GNI per capita, PPP (current international $)",NY.GNP.PCAP.PP.CD,,,,,,,,,,,,,,,,,,,,,,,,,,,,,,,1274.718268,1309.449565,1343.340949,1349.332368,1365.651417,1411.864255,1473.430373,1510.755637,1540.006034,1583.474395,1623.848432,1702.507891,1775.261377,1855.698812,1990.978439,2137.054927,2317.749493,2470.798758,2592.180081,2678.68597,2810.029982,2911.470268,3004.594104,3163.384071,3350.835311,3452.530424,3525.504059,3646.356015,3827.382145,3960.618107,3895.900267
IDA blend,IDB,"GNI per capita, PPP (current international $)",NY.GNP.PCAP.PP.CD,,,,,,,,,,,,,,,,,,,,,,,,,,,,,,,1877.218426,1937.775635,2013.411091,1983.274631,2009.292425,2058.523561,2140.445655,2166.985314,2187.007157,2243.248724,2267.16738,2383.589714,2508.901607,2625.956574,2840.713793,3037.104718,3318.495096,3491.816567,3623.336072,3729.99156,3892.319482,4058.347745,4143.373532,4298.979923,4532.693036,4605.997849,4591.930416,4696.687833,4866.894459,4958.855956,4862.800826
Indonesia,IDN,"GNI per capita, PPP (current international $)",NY.GNP.PCAP.PP.CD,,,,,,,,,,,,,,,,,,,,,,,,,,,,,,,2930,3190,3410,3700,4050,4390,4760,4980,4200,4140,4430,4770,5040,5260,5550,5950,6420,6930,7440,7740,8280,8840,9440,9770,9930,9910,10160,10590,11300,11940,11750
IDA only,IDX,"GNI per capita, PPP (current international $)",NY.GNP.PCAP.PP.CD,,,,,,,,,,,,,,,,,,,,,,,,,,,,,,,957.2925817,977.9416551,989.1596992,1017.799077,1029.267186,1075.295925,1126.596691,1170.747092,1205.640389,1242.639049,1293.520515,1352.707567,1397.563298,1459.593901,1553.205033,1674.331353,1801.996871,1946.70874,2064.476652,2140.655601,2255.586007,2323.52025,2421.331474,2583.026009,2746.879038,2865.975281,2989.895758,3122.295328,3313.384311,3473.34316,3425.522816
Isle of Man,IMN,"GNI per capita, PPP (current international $)",NY.GNP.PCAP.PP.CD,,,,,,,,,,,,,,,,,,,,,,,,,,,,,,,,,,,,,,,,,,,,,,,,,,,,,,,,,,,,,
India,IND,"GNI per capita, PPP (current international $)",NY.GNP.PCAP.PP.CD,,,,,,,,,,,,,,,,,,,,,,,,,,,,,,,1190,1210,1280,1350,1440,1560,1680,1740,1840,1990,2070,2190,2270,2450,2680,2930,3210,3510,3630,3890,4190,4450,4800,4990,5170,5400,5720,6120,6600,6930,6390
Not classified,INX,"GNI per capita, PPP (current international $)",NY.GNP.PCAP.PP.CD,,,,,,,,,,,,,,,,,,,,,,,,,,,,,,,,,,,,,,,,,,,,,,,,,,,,,,,,,,,,,
Ireland,IRL,"GNI per capita, PPP (current international $)",NY.GNP.PCAP.PP.CD,,,,,,,,,,,,,,,,,,,,,,,,,,,,,,,12750,13410,13900,14600,15780,17280,18780,20440,22480,23550,26320,27810,29520,31240,33390,35030,38740,40400,38310,34740,36290,36400,37280,40400,43200,53070,58440,62640,66860,69190,
"Iran, Islamic Rep.",IRN,"GNI per capita, PPP (current international $)",NY.GNP.PCAP.PP.CD,,,,,,,,,,,,,,,,,,,,,,,,,,,,,,,7200,8190,8450,8600,8490,8730,9230,9330,9530,9670,10320,10510,11320,12360,13050,13720,14710,16190,16380,16430,17390,18010,16060,15380,15280,13620,14050,14560,13870,12920,13150
Iraq,IRQ,"GNI per capita, PPP (current international $)",NY.GNP.PCAP.PP.CD,,,,,,,,,,,,,,,,,,,,,,,,,,,,,,,,2640,3490,4570,4700,4760,5210,6150,8130,9370,10990,11080,9930,6350,9750,9070,10070,10580,12200,12460,12860,13500,15240,15470,13810,9680,9340,10640,10510,10950,9660
Iceland,ISL,"GNI per capita, PPP (current international $)",NY.GNP.PCAP.PP.CD,,,,,,,,,,,,,,,,,,,,,,,,,,,,,,,,,,,,23510,24490,26450,28150,28980,28680,30820,32660,32410,34330,35470,36290,38740,34050,33610,32190,34550,36690,42100,43500,46470,50990,53920,55340,59590,
Israel,ISR,"GNI per capita, PPP (current international $)",NY.GNP.PCAP.PP.CD,,,,,,,,,,,,,,,,,,,,,,,,,,,,,,,,,,,,19440,20190,20730,21360,21660,23440,23940,24370,23030,24520,24640,25600,27460,26930,26830,28290,30080,30880,33460,34060,35170,37450,38640,40310,41750,
Italy,ITA,"GNI per capita, PPP (current international $)",NY.GNP.PCAP.PP.CD,,,,,,,,,,,,,,,,,,,,,,,,,,,,,,,18360,19230,19780,20100,20940,22070,22780,23760,24880,25550,26980,27960,28610,29030,29480,30180,32540,34130,35200,34610,35110,36510,36440,36250,36200,36640,40040,41810,43590,45240,42270
Jamaica,JAM,"GNI per capita, PPP (current international $)",NY.GNP.PCAP.PP.CD,,,,,,,,,,,,,,,,,,,,,,,,,,,,,,,4300,4610,4860,5670,5650,5890,6090,6030,5910,5990,6110,6220,6300,6640,6880,7100,7550,7830,7960,7530,7600,7870,8080,8240,8360,8520,8800,9330,9590,9930,8850
Jordan,JOR,"GNI per capita, PPP (current international $)",NY.GNP.PCAP.PP.CD,,,,,,,,,,,,,,,,,,,,,,,,,,,,,,,4160,4010,4520,4620,4750,4990,5020,5230,5410,5560,6010,6380,6660,6950,7630,8260,8880,9480,9740,9780,9390,9320,9080,9230,9080,9360,9370,9950,10210,10500,10320
Japan,JPN,"GNI per capita, PPP (current international $)",NY.GNP.PCAP.PP.CD,,,,,,,,,,,,,,,,,,,,,,,,,,,,,,,19720,20990,21600,21930,22550,23610,24800,25470,25380,25630,27220,27890,28560,29380,30920,32350,33960,35540,35710,34010,35890,36790,38190,40280,40590,41940,41310,42430,43220,43760,
Kazakhstan,KAZ,"GNI per capita, PPP (current international $)",NY.GNP.PCAP.PP.CD,,,,,,,,,,,,,,,,,,,,,,,,,,,,,,,,,,6820,6160,5880,6090,6380,6440,6640,7250,8540,9620,10540,11650,12580,13910,15240,15360,16030,16710,17790,19050,21900,22190,21760,21490,22160,22940,24040,24380
Kenya,KEN,"GNI per capita, PPP (current international $)",NY.GNP.PCAP.PP.CD,,,,,,,,,,,,,,,,,,,,,,,,,,,,,,,1430,1450,1430,1400,1440,1500,1560,1560,1590,1600,1600,1650,1650,1680,1760,1890,2010,2140,2140,2160,2300,2440,2520,2740,2980,3320,3580,3970,4230,4420,4370
Kyrgyz Republic,KGZ,"GNI per capita, PPP (current international $)",NY.GNP.PCAP.PP.CD,,,,,,,,,,,,,,,,,,,,,,,,,,,,,,,,2380,2080,1790,1440,1370,1470,1600,1610,1650,1750,1910,1930,2090,2230,2300,2460,2730,2910,2980,2890,2950,3530,3810,4100,4050,4440,4800,5100,5000,4750
Cambodia,KHM,"GNI per capita, PPP (current international $)",NY.GNP.PCAP.PP.CD,,,,,,,,,,,,,,,,,,,,,,,,,,,,,,,,,,,,780,810,840,860,950,1040,1120,1180,1290,1440,1640,1850,2080,2220,2200,2320,2490,2720,2920,3020,3180,3450,3680,3970,4310,4250
Kiribati,KIR,"GNI per capita, PPP (current international $)",NY.GNP.PCAP.PP.CD,,,,,,,,,,,,,,,,,,,,,,,,,,,,,,,1530,2050,2110,2060,2100,2230,1950,2360,2650,2400,2570,2710,2600,2500,2400,2470,2470,2570,2560,2410,2510,2430,2780,3160,3610,4340,3930,4280,4270,4640,4250
St. Kitts and Nevis,KNA,"GNI per capita, PPP (current international $)",NY.GNP.PCAP.PP.CD,,,,,,,,,,,,,,,,,,,,,,,,,,,,,,,9150,9140,9540,10300,10970,11790,12430,13300,13050,13480,15080,15970,16170,15390,16520,18730,20000,20590,22070,21160,21250,21950,20850,21770,22180,22240,23420,24120,25300,26090,24190
"Korea, Rep.",KOR,"GNI per capita, PPP (current international $)",NY.GNP.PCAP.PP.CD,,,,,,,,,,,,,,,,,,,,,,,,,,,,,,,8340,9460,10170,11010,12150,13450,14640,15630,14780,16620,18420,19580,21320,22010,23720,25010,26800,28980,29950,29480,31800,32750,33910,34460,35500,38020,39720,41120,42660,43100,43480
Kuwait,KWT,"GNI per capita, PPP (current international $)",NY.GNP.PCAP.PP.CD,,,,,,,,,,,,,,,,,,,,,,,,,,,,,,,,,,,,70690,70580,72520,72150,64330,66160,63800,62670,72850,83510,92860,100160,101360,96660,84620,80000,82740,87030,84000,76820,52460,49900,58770,58550,58930,
Latin America & Caribbean (excluding high income),LAC,"GNI per capita, PPP (current international $)",NY.GNP.PCAP.PP.CD,,,,,,,,,,,,,,,,,,,,,,,,,,,,,,,5876.367736,6198.601032,6403.384804,6581.273449,6921.479495,7045.749992,7298.790271,7675.846802,7785.521305,7786.297119,8203.713812,8287.749136,8358.772687,8613.68852,9138.143462,9676.502158,10545.39412,11305.01838,11926.61713,11759.64626,12498.32225,13341.26639,13605.43605,14102.50059,14409.28566,14227.30363,14420.87721,15006.00441,15358.90068,15643.36788,14669.02759
Lao PDR,LAO,"GNI per capita, PPP (current international $)",NY.GNP.PCAP.PP.CD,,,,,,,,,,,,,,,,,,,,,,,,,,,,,,,1030,1080,1130,1190,1280,1370,1460,1520,1560,1700,1760,1870,1990,2070,2270,2510,2670,2970,3170,3440,3580,3870,4550,5000,5610,5890,6550,6870,7410,7730,7790
Lebanon,LBN,"GNI per capita, PPP (current international $)",NY.GNP.PCAP.PP.CD,,,,,,,,,,,,,,,,,,,,,,,,,,,,,,,4680,5810,6700,7070,7530,7960,8700,8750,8980,8970,9120,9110,8750,7670,9300,9860,10350,11870,13010,14010,14760,14580,14750,14880,14870,14910,15230,15920,15870,14990,11960
Liberia,LBR,"GNI per capita, PPP (current international $)",NY.GNP.PCAP.PP.CD,,,,,,,,,,,,,,,,,,,,,,,,,,,,,,,,,,,,,,,,,880,830,850,580,610,660,740,820,880,910,930,1040,1060,1210,1240,1180,1260,1380,1330,1320,1250
Libya,LBY,"GNI per capita, PPP (current international $)",NY.GNP.PCAP.PP.CD,,,,,,,,,,,,,,,,,,,,,,,,,,,,,,,,,,,,,,,,,,,17880,20410,20960,23840,26360,28240,29030,28690,29880,11500,23710,19740,14510,12740,11430,13690,15650,16100,11250
St. Lucia,LCA,"GNI per capita, PPP (current international $)",NY.GNP.PCAP.PP.CD,,,,,,,,,,,,,,,,,,,,,,,,,,,,,,,6130,6260,6900,6940,7150,7290,7590,7550,7990,8250,8330,8030,8230,8600,9290,9450,11120,11360,12000,11810,12080,13090,12770,13180,12920,12410,13420,14150,14780,15230,12200
Latin America & Caribbean,LCN,"GNI per capita, PPP (current international $)",NY.GNP.PCAP.PP.CD,,,,,,,,,,,,,,,,,,,,,,,,,,,,,,,6042.488191,6404.919745,6641.397988,6829.191227,7144.575801,7313.449786,7572.261809,7976.232938,8094.469826,8076.922061,8503.792495,8614.838974,8630.524198,8838.752043,9450.45639,10054.50001,11008.34596,11836.37669,12454.07016,12250.38389,12964.71728,13827.86533,14120.89672,14634.17507,14953.66541,14789.69623,15022.44847,15634.36501,16007.03043,16355.66707,15363.26658
Least developed countries: UN classification,LDC,"GNI per capita, PPP (current international $)",NY.GNP.PCAP.PP.CD,,,,,,,,,,,,,,,,,,,,,,,,,,,,,,,858.8827106,888.9188194,864.7421733,892.3846712,903.0506834,970.4243196,1016.99143,1063.983592,1092.530572,1121.221629,1174.657322,1232.78901,1287.992864,1347.295801,1436.762869,1555.713352,1683.236178,1834.22636,1949.764189,2032.444897,2144.304692,2204.51153,2296.117372,2403.617549,2559.213355,2617.263732,2729.607596,2849.379346,3003.642774,3135.378028,3085.843099
Low income,LIC,"GNI per capita, PPP (current international $)",NY.GNP.PCAP.PP.CD,,,,,,,,,,,,,,,,,,,,,,,,,,,,,,,821.759663,835.0640612,845.595066,878.811258,892.1477604,927.0961985,976.6725881,1015.734299,1040.935413,1054.427674,1088.390933,1137.650737,1165.17258,1204.683221,1272.442172,1360.055824,1446.819294,1569.394983,1644.660704,1702.501468,1818.353407,1795.541649,1786.187284,1847.181899,2026.335248,2093.676508,2211.982969,2290.73607,2389.88761,2465.450522,2448.567252
Liechtenstein,LIE,"GNI per capita, PPP (current international $)",NY.GNP.PCAP.PP.CD,,,,,,,,,,,,,,,,,,,,,,,,,,,,,,,,,,,,,,,,,,,,,,,,,,,,,,,,,,,,,
Sri Lanka,LKA,"GNI per capita, PPP (current international $)",NY.GNP.PCAP.PP.CD,,,,,,,,,,,,,,,,,,,,,,,,,,,,,,,2290,2450,2600,2820,3000,3180,3340,3600,3780,3970,4270,4270,4480,4820,5170,5610,6170,6730,7140,7470,8110,8920,10130,10600,11000,11270,11900,12250,12810,13230,12870
Lower middle income,LMC,"GNI per capita, PPP (current international $)",NY.GNP.PCAP.PP.CD,,,,,,,,,,,,,,,,,,,,,,,,,,,,,,,1976.685216,2051.965073,2105.518163,2147.827456,2209.47312,2323.07621,2457.921727,2542.352751,2554.324673,2653.037716,2777.258594,2924.850583,3060.655445,3258.719733,3506.467962,3769.01085,4090.9889,4431.071296,4627.529231,4786.830668,5087.70455,5357.886434,5643.832421,5851.836134,6013.666014,6121.61166,6347.913284,6649.702046,7040.671796,7323.239939,7007.141175
Low & middle income,LMY,"GNI per capita, PPP (current international $)",NY.GNP.PCAP.PP.CD,,,,,,,,,,,,,,,,,,,,,,,,,,,,,,,2451.793119,2550.553532,2618.725437,2718.476352,2814.100721,2945.895886,3110.81039,3264.131179,3276.718999,3401.135337,3635.370901,3815.90407,4008.135293,4270.542252,4661.238146,5074.38699,5661.778193,6251.176152,6735.33299,6919.16909,7429.840169,7952.318205,8426.361793,8795.221808,9091.27822,9153.191047,9432.902239,9904.255268,10480.73452,10929.34409,10693.37574
Lesotho,LSO,"GNI per capita, PPP (current international $)",NY.GNP.PCAP.PP.CD,,,,,,,,,,,,,,,,,,,,,,,,,,,,,,,1300,1350,1370,1360,1420,1430,1510,1550,1520,1560,1600,1920,1970,2090,2100,2130,2210,2640,2760,2670,2770,2740,2700,2940,3120,3440,3400,3030,3050,3060,2740
Late-demographic dividend,LTE,"GNI per capita, PPP (current international $)",NY.GNP.PCAP.PP.CD,,,,,,,,,,,,,,,,,,,,,,,,,,,,,,,2793.550888,2906.460791,2975.226681,3163.045812,3337.099861,3564.888087,3771.046432,3991.784228,4077.127548,4277.785603,4675.435679,4984.531045,5342.722805,5802.872613,6421.900602,7095.191413,8103.219034,9142.250773,10076.71607,10418.08174,11305.11505,12333.67569,13213.06425,13924.47002,14485.59805,14486.19122,14934.20458,15775.31982,16904.26537,17904.32641,17992.21074
Lithuania,LTU,"GNI per capita, PPP (current international $)",NY.GNP.PCAP.PP.CD,,,,,,,,,,,,,,,,,,,,,,,,,,,,,,,,,,,,5910,6300,6930,7590,7630,8300,9310,10370,11760,12740,14300,16160,18350,20070,18540,19980,22220,23930,26130,27850,27790,29820,32540,35220,37420,
Luxembourg,LUX,"GNI per capita, PPP (current international $)",NY.GNP.PCAP.PP.CD,,,,,,,,,,,,,,,,,,,,,,,,,,,,,,,28710,32050,32770,33840,34100,37470,38760,41270,41720,46240,49060,50290,49690,48960,58660,63000,63430,72680,71610,55760,61800,63530,63710,63840,67290,67570,70450,72410,74310,,
Latvia,LVA,"GNI per capita, PPP (current international $)",NY.GNP.PCAP.PP.CD,,,,,,,,,,,,,,,,,,,,,,,,,,,,,,,,,,,,5540,5830,6530,7110,7330,8020,9060,10090,10970,11990,13730,15400,17640,19270,18160,17830,19860,21260,22760,23830,24840,26670,28580,30290,31590,
"Macao SAR, China",MAC,"GNI per capita, PPP (current international $)",NY.GNP.PCAP.PP.CD,,,,,,,,,,,,,,,,,,,,,,,,,,,,,,,27390,28570,32390,33880,35220,35960,35070,34770,32620,30970,31980,35650,38330,41910,51380,55240,60400,76400,70570,71770,87830,103410,112800,127480,128420,103910,103630,112320,119990,117340,
St. Martin (French part),MAF,"GNI per capita, PPP (current international $)",NY.GNP.PCAP.PP.CD,,,,,,,,,,,,,,,,,,,,,,,,,,,,,,,,,,,,,,,,,,,,,,,,,,,,,,,,,,,,,
Morocco,MAR,"GNI per capita, PPP (current international $)",NY.GNP.PCAP.PP.CD,,,,,,,,,,,,,,,,,,,,,,,,,,,,,,,2480,2690,2650,2640,2940,2790,3170,3130,3370,3410,3510,3810,3950,4220,4510,4770,5220,5500,5870,6020,6240,6600,6570,6820,6450,6890,6980,7170,7480,7700,7190
Monaco,MCO,"GNI per capita, PPP (current international $)",NY.GNP.PCAP.PP.CD,,,,,,,,,,,,,,,,,,,,,,,,,,,,,,,,,,,,,,,,,,,,,,,,,,,,,,,,,,,,,
Moldova,MDA,"GNI per capita, PPP (current international $)",NY.GNP.PCAP.PP.CD,,,,,,,,,,,,,,,,,,,,,,,,,,,,,,,,,,,,,3170,3280,3050,3030,3240,3600,4040,4470,5030,5590,5950,6170,6830,6230,6860,7390,8050,9170,9590,9790,11200,12320,13270,14280,13520
Madagascar,MDG,"GNI per capita, PPP (current international $)",NY.GNP.PCAP.PP.CD,,,,,,,,,,,,,,,,,,,,,,,,,,,,,,,1160,1080,1100,1120,1100,1110,1130,1160,1180,1220,1270,1340,1150,1250,1320,1370,1440,1550,1640,1530,1510,1530,1490,1490,1520,1500,1550,1540,1600,1620,1540
Maldives,MDV,"GNI per capita, PPP (current international $)",NY.GNP.PCAP.PP.CD,,,,,,,,,,,,,,,,,,,,,,,,,,,,,,,,,,,,5880,6340,6830,7310,7720,8060,7880,8380,9350,9970,8700,11040,10410,11690,10800,11180,12110,12400,13140,14460,15410,16010,16630,17460,18340,12840
Middle East & North Africa,MEA,"GNI per capita, PPP (current international $)",NY.GNP.PCAP.PP.CD,,,,,,,,,,,,,,,,,,,,,,,,,,,,,,,7920.325338,8699.585717,9118.335812,9353.094043,9410.360556,9589.998829,9941.152426,10211.43945,10721.62319,10820.71116,11532.53649,11763.9074,11811.11836,12335.74223,13463.17817,14178.21899,15222.42464,16174.77271,16842.34091,16655.53727,17220.18429,17790.00727,18407.12948,18321.5641,18013.77654,16259.67744,15947.45106,16581.25364,16801.73661,16876.31175,16356.19643
Mexico,MEX,"GNI per capita, PPP (current international $)",NY.GNP.PCAP.PP.CD,,,,,,,,,,,,,,,,,,,,,,,,,,,,,,,7870,8370,8750,8360,8800,8170,8770,9460,9910,10220,10850,10920,10990,11280,11910,12390,13600,14050,14710,14310,15080,16260,16830,16870,17610,17830,18810,19210,19710,19860,18170
Marshall Islands,MHL,"GNI per capita, PPP (current international $)",NY.GNP.PCAP.PP.CD,,,,,,,,,,,,,,,,,,,,,,,,,,,,,,,,,,,,3420,2990,2880,3000,3070,3180,3400,3430,3380,3440,3680,3650,3880,3580,3770,3910,3950,3740,4070,4270,4670,4580,4710,4910,5130,
Middle income,MIC,"GNI per capita, PPP (current international $)",NY.GNP.PCAP.PP.CD,,,,,,,,,,,,,,,,,,,,,,,,,,,,,,,2574.738977,2681.062801,2755.271072,2862.381406,2966.271277,3107.947989,3284.508117,3449.428797,3464.112797,3600.033814,3853.594211,4049.086186,4259.168735,4545.078682,4968.991904,5417.093889,6055.707992,6695.895929,7226.183238,7431.241017,7989.418809,8571.249599,9101.184483,9511.178615,9833.68442,9907.945291,10218.62721,10744.53039,11387.00086,11892.50211,11649.34141
North Macedonia,MKD,"GNI per capita, PPP (current international $)",NY.GNP.PCAP.PP.CD,,,,,,,,,,,,,,,,,,,,,,,,,,,,,,,5460,5340,4990,4780,4840,4910,5030,5150,5360,5600,6020,5980,6230,6420,7040,7620,8550,8810,10290,10840,11130,11400,11580,12350,13120,13390,14480,15030,15970,16770,16280
Mali,MLI,"GNI per capita, PPP (current international $)",NY.GNP.PCAP.PP.CD,,,,,,,,,,,,,,,,,,,,,,,,,,,,,,,800,910,880,900,920,920,980,1020,1080,1130,1120,1240,1240,1370,1390,1480,1540,1580,1640,1650,1720,1760,1700,1750,1860,1990,2130,2170,2270,2330,2250
Malta,MLT,"GNI per capita, PPP (current international $)",NY.GNP.PCAP.PP.CD,,,,,,,,,,,,,,,,,,,,,,,,,,,,,,,9700,10240,10710,11230,11780,12660,13170,13950,14310,15340,17670,18630,19750,20820,21440,21630,22340,23780,26110,25260,27270,28290,28820,30690,32560,35380,36000,38300,41160,43240,38800
Myanmar,MMR,"GNI per capita, PPP (current international $)",NY.GNP.PCAP.PP.CD,,,,,,,,,,,,,,,,,,,,,,,,,,,,,,,430,430,480,510,560,600,640,680,720,800,920,1040,1170,1340,1550,1800,2080,2380,2660,2940,3240,3470,3580,3890,4080,4280,4370,4600,5000,5150,4650
Middle East & North Africa (excluding high income),MNA,"GNI per capita, PPP (current international $)",NY.GNP.PCAP.PP.CD,,,,,,,,,,,,,,,,,,,,,,,,,,,,,,,4705.216372,5070.555888,5308.965688,5465.063035,5525.104362,5663.882441,5980.210182,6183.167942,6578.500562,6834.246512,7325.415813,7564.832378,7749.977169,7886.110753,8599.708631,8997.035569,9673.144933,10439.96031,10907.29485,11040.51307,11473.4189,11383.19467,11704.29162,11576.08987,11205.57418,10507.6648,10496.44633,10804.28233,10886.06818,10881.17544,10570.17643
Montenegro,MNE,"GNI per capita, PPP (current international $)",NY.GNP.PCAP.PP.CD,,,,,,,,,,,,,,,,,,,,,,,,,,,,,,,,,,,,,,,,,6310,7110,7500,7760,8240,8410,10620,12590,14020,13060,13550,14590,14100,15160,15580,16690,18360,20090,21800,23420,20870
Mongolia,MNG,"GNI per capita, PPP (current international $)",NY.GNP.PCAP.PP.CD,,,,,,,,,,,,,,,,,,,,,,,,,,,,,,,3290,3100,2800,2710,2840,3070,3200,3350,3510,3640,3710,3880,4080,4390,4940,5310,5910,6540,7090,6860,6970,8180,9440,9950,10160,9880,9860,9720,10950,11400,10930
Northern Mariana Islands,MNP,"GNI per capita, PPP (current international $)",NY.GNP.PCAP.PP.CD,,,,,,,,,,,,,,,,,,,,,,,,,,,,,,,,,,,,,,,,,,,,,,,,,,,,,,,,,,,,,
Mozambique,MOZ,"GNI per capita, PPP (current international $)",NY.GNP.PCAP.PP.CD,,,,,,,,,,,,,,,,,,,,,,,,,,,,,,,,300,270,300,310,310,350,390,420,470,460,510,510,590,640,670,710,780,830,890,930,1000,1030,1080,1130,1270,1330,1250,1290,1310,1250
Mauritania,MRT,"GNI per capita, PPP (current international $)",NY.GNP.PCAP.PP.CD,,,,,,,,,,,,,,,,,,,,,,,,,,,,,,,2560,2630,2660,2790,2690,2950,3250,3090,3140,3230,3070,2940,3100,3280,3420,3700,4210,4140,4120,4100,4040,4120,4140,4350,4130,4080,4610,5000,5140,5350,5240
Mauritius,MUS,"GNI per capita, PPP (current international $)",NY.GNP.PCAP.PP.CD,,,,,,,,,,,,,,,,,,,,,,,,,,,,,,,4900,5290,5700,6040,6290,6650,7040,7520,7970,8210,9000,9490,9720,10330,11030,11520,12500,13780,14600,14990,15560,16340,17570,19240,19920,20860,22390,23540,25460,26790,22390
Malawi,MWI,"GNI per capita, PPP (current international $)",NY.GNP.PCAP.PP.CD,,,,,,,,,,,,,,,,,,,,,,,,,,,,,,,460,510,480,540,480,570,620,640,650,660,670,640,640,670,710,740,780,860,910,960,1010,1050,1010,1080,1050,980,1020,1420,1480,1550,1540
Malaysia,MYS,"GNI per capita, PPP (current international $)",NY.GNP.PCAP.PP.CD,,,,,,,,,,,,,,,,,,,,,,,,,,,,,,,6530,7140,7730,8520,9270,10150,11090,11710,10690,11050,11870,12030,12720,13600,14650,15730,17040,18390,19110,18810,19860,21190,22140,22690,23790,24130,24840,25910,27340,28780,27370
North America,NAC,"GNI per capita, PPP (current international $)",NY.GNP.PCAP.PP.CD,,,,,,,,,,,,,,,,,,,,,,,,,,,,,,,23098.61956,23545.22192,24516.09487,25321.99457,26638.23054,27811.98817,29203.8937,30809.4521,32361.89108,33958.18934,35998.44529,36886.01511,37625.201,38940.42997,41186.79974,43678.15797,46215.57327,47368.36501,47456.56106,46086.42345,47960.77206,49840.5222,51958.65961,53266.65505,55539.48083,56860.82609,57709.72,60032.04767,62617.68081,64416.52146,
Namibia,NAM,"GNI per capita, PPP (current international $)",NY.GNP.PCAP.PP.CD,,,,,,,,,,,,,,,,,,,,,,,,,,,,,,,3770,4170,4340,4250,4310,4580,4600,4760,4910,4920,5230,5280,5630,6080,6670,6750,7380,7670,7890,7810,8060,8590,8970,9710,10410,10620,10220,9990,10020,10010,9220
New Caledonia,NCL,"GNI per capita, PPP (current international $)",NY.GNP.PCAP.PP.CD,,,,,,,,,,,,,,,,,,,,,,,,,,,,,,,,,,,,,,,,,,,,,,,,,,,,,,,,,,,,,
Niger,NER,"GNI per capita, PPP (current international $)",NY.GNP.PCAP.PP.CD,,,,,,,,,,,,,,,,,,,,,,,,,,,,,,,770,770,770,770,770,780,780,780,850,830,810,860,890,890,890,950,1000,1020,1070,1060,1120,1140,1200,1170,1190,1200,1190,1210,1280,1330,1210
Nigeria,NGA,"GNI per capita, PPP (current international $)",NY.GNP.PCAP.PP.CD,,,,,,,,,,,,,,,,,,,,,,,,,,,,,,,1940,1970,2030,1930,1920,1960,2040,2090,2090,2140,2090,2290,2590,2730,2990,3180,3610,3750,3970,4180,4450,4650,4740,4970,5320,5280,5120,5030,5040,5180,5000
Nicaragua,NIC,"GNI per capita, PPP (current international $)",NY.GNP.PCAP.PP.CD,,,,,,,,,,,,,,,,,,,,,,,,,,,,,,,1960,1790,1750,1770,1810,1990,2150,2270,2390,2550,2670,2760,2800,2890,3090,3310,3480,3720,3870,3710,3870,4150,4250,4390,4760,5090,5420,5690,5570,5470,5410
Netherlands,NLD,"GNI per capita, PPP (current international $)",NY.GNP.PCAP.PP.CD,,,,,,,,,,,,,,,,,,,,,,,,,,,,,,,19000,20040,20610,21370,22490,23750,24870,26260,27630,29670,32460,33040,34350,34480,35980,37110,41280,43870,45110,44150,45210,47250,48080,49910,49110,50330,51520,55500,58560,59700,
Norway,NOR,"GNI per capita, PPP (current international $)",NY.GNP.PCAP.PP.CD,,,,,,,,,,,,,,,,,,,,,,,,,,,,,,,17900,18920,20140,21040,22590,24010,26460,28300,27860,30290,36450,37800,38080,38770,42600,48320,54130,55690,61440,55720,58590,62670,65910,67670,67980,62880,61520,66400,72330,70330,66020
Nepal,NPL,"GNI per capita, PPP (current international $)",NY.GNP.PCAP.PP.CD,,,,,,,,,,,,,,,,,,,,,,,,,,,,,,,860,920,960,990,1070,1100,1150,1200,1220,1270,1360,1430,1430,1490,1580,1670,1770,1860,1990,2080,2190,2300,2520,2720,2990,3040,3030,3600,3890,4160,4060
Nauru,NRU,"GNI per capita, PPP (current international $)",NY.GNP.PCAP.PP.CD,,,,,,,,,,,,,,,,,,,,,,,,,,,,,,,,,,,,,,,,,,,,,,,,4930,5500,6310,7200,8150,9110,12350,15420,17970,18560,18160,18730,20770,
New Zealand,NZL,"GNI per capita, PPP (current international $)",NY.GNP.PCAP.PP.CD,,,,,,,,,,,,,,,,,,,,,,,,,,,,,,,14240,13580,13950,14810,15930,16780,17090,17990,18460,19350,20290,21360,22130,22820,23670,24020,25880,27260,27660,29440,29690,31220,31620,34810,35790,36240,38670,40700,42360,43950,
OECD members,OED,"GNI per capita, PPP (current international $)",NY.GNP.PCAP.PP.CD,,,,,,,,,,,,,,,,,,,,,,,,,,,,,,,16410.43828,17063.99451,17696.76257,18152.38793,18977.65411,19716.74368,20651.09104,21668.79203,22304.63496,23172.86244,24678.8085,25440.20444,26178.59032,26914.91307,28390.91148,29784.78087,31850.08914,33194.1918,33890.52545,33073.2169,34502.54388,36036.90589,37151.72063,38387.78318,39622.45257,40670.99363,41917.20782,43596.37243,45224.18768,46432.85446,
Oman,OMN,"GNI per capita, PPP (current international $)",NY.GNP.PCAP.PP.CD,,,,,,,,,,,,,,,,,,,,,,,,,,,,,,,22410,23760,24750,25740,26290,27580,28430,30420,31490,31800,34410,36080,35670,35430,36300,36710,39380,40980,42490,42770,41500,40780,41890,40350,36570,30100,28000,27770,27110,26160,
Other small states,OSS,"GNI per capita, PPP (current international $)",NY.GNP.PCAP.PP.CD,,,,,,,,,,,,,,,,,,,,,,,,,,,,,,,,,,,,,,,,,10600.46268,11214.4979,11699.94379,12293.69673,13197.87028,13965.91118,16333.5634,18149.97299,19567.65013,19290.04748,20598.80184,22567.67061,24011.16851,24527.54787,24403.53298,21193.86081,20666.33766,22150.33871,22554.87605,22978.10417,21522.23245
Pakistan,PAK,"GNI per capita, PPP (current international $)",NY.GNP.PCAP.PP.CD,,,,,,,,,,,,,,,,,,,,,,,,,,,,,,,1890,1990,2130,2160,2220,2310,2400,2390,2400,2470,2560,2630,2670,2830,3060,3290,3510,3680,3730,3770,3820,3940,3960,4040,4170,4300,4330,4500,4770,4790,4770
Panama,PAN,"GNI per capita, PPP (current international $)",NY.GNP.PCAP.PP.CD,,,,,,,,,,,,,,,,,,,,,,,,,,,,,,,4870,5250,5770,6240,6500,6490,6770,7100,7530,7690,8040,8060,8490,8580,9150,9780,10740,12300,13510,13640,13960,15990,17410,19480,20900,23700,25840,28610,29530,30550,25010
Peru,PER,"GNI per capita, PPP (current international $)",NY.GNP.PCAP.PP.CD,,,,,,,,,,,,,,,,,,,,,,,,,,,,,,,3160,3390,3370,3550,3970,4260,4440,4730,4730,4790,4930,5040,5310,5520,5780,6200,6680,7410,8250,8390,9020,9700,10090,10710,10990,11180,11520,11930,12430,12820,11490
Philippines,PHL,"GNI per capita, PPP (current international $)",NY.GNP.PCAP.PP.CD,,,,,,,,,,,,,,,,,,,,,,,,,,,,,,,2620,2660,2700,2770,2920,3050,3240,3440,3680,3750,3760,3890,4010,4200,4500,4800,5090,5460,5730,5880,6260,6500,6990,7390,7760,8010,8560,9020,9650,10220,9040
Palau,PLW,"GNI per capita, PPP (current international $)",NY.GNP.PCAP.PP.CD,,,,,,,,,,,,,,,,,,,,,,,,,,,,,,,,,,,,,,,,,11010,11880,12350,11740,12390,13460,14130,15310,15140,14060,14580,16030,16760,16540,17690,19200,19490,18970,20320,19530,
Papua New Guinea,PNG,"GNI per capita, PPP (current international $)",NY.GNP.PCAP.PP.CD,,,,,,,,,,,,,,,,,,,,,,,,,,,,,,,1400,1560,1710,2020,2160,2100,2200,2140,2020,2020,2000,1970,1970,1950,2050,2230,2250,2490,2520,2590,2820,2780,3040,3050,3700,3890,4100,4200,4180,4340,4240
Poland,POL,"GNI per capita, PPP (current international $)",NY.GNP.PCAP.PP.CD,,,,,,,,,,,,,,,,,,,,,,,,,,,,,,,5850,5710,5910,6300,6860,7550,8190,8860,9410,9960,10630,11090,11760,12160,12920,13650,14810,16210,17980,18670,20340,22010,22860,23740,24520,25880,27210,28820,30650,32790,33220
Pre-demographic dividend,PRE,"GNI per capita, PPP (current international $)",NY.GNP.PCAP.PP.CD,,,,,,,,,,,,,,,,,,,,,,,,,,,,,,,1316.394498,1345.644468,1346.187811,1370.472472,1372.895818,1437.098831,1516.47465,1610.973833,1720.117312,1797.152045,1871.519338,1951.997218,2004.830544,1910.544682,2175.328309,2267.970495,2490.683883,2634.236463,2806.055037,2895.495587,3029.938191,3121.130804,3242.429681,3356.974004,3473.916181,3332.781067,3324.317141,3416.625878,3469.003221,3557.86669,3419.137937
Puerto Rico,PRI,"GNI per capita, PPP (current international $)",NY.GNP.PCAP.PP.CD,,,,,,,,,,,,,,,,,,,,,,,,,,,,,,,9480,9960,10250,10830,11260,11840,12240,12970,13310,14430,15410,15840,16040,16470,18700,19180,19830,20690,20590,20160,20210,20840,21840,22320,22620,22900,23040,22940,23570,24470,24010
"Korea, Dem. People's Rep.",PRK,"GNI per capita, PPP (current international $)",NY.GNP.PCAP.PP.CD,,,,,,,,,,,,,,,,,,,,,,,,,,,,,,,,,,,,,,,,,,,,,,,,,,,,,,,,,,,,,
Portugal,PRT,"GNI per capita, PPP (current international $)",NY.GNP.PCAP.PP.CD,,,,,,,,,,,,,,,,,,,,,,,,,,,,,,,11740,12730,13230,13270,13580,14480,14970,15760,16640,17660,18580,19200,20050,20620,21190,22420,23950,24960,25770,25590,26410,26340,25810,27560,28150,28870,30840,32270,34080,35940,33980
Paraguay,PRY,"GNI per capita, PPP (current international $)",NY.GNP.PCAP.PP.CD,,,,,,,,,,,,,,,,,,,,,,,,,,,,,,,,,,,,6020,6430,6430,6380,6230,5820,5890,6040,5850,6260,6530,7180,8020,8690,8590,9520,10130,9580,10620,11040,11050,11560,12170,12700,12760,12590
West Bank and Gaza,PSE,"GNI per capita, PPP (current international $)",NY.GNP.PCAP.PP.CD,,,,,,,,,,,,,,,,,,,,,,,,,,,,,,,,,,,2470,2600,2540,2870,3340,3570,3100,2710,2310,2610,3150,3590,3600,3800,4030,4200,4360,4780,5610,5810,6090,6680,7080,7250,7580,7660,6620
Pacific island small states,PSS,"GNI per capita, PPP (current international $)",NY.GNP.PCAP.PP.CD,,,,,,,,,,,,,,,,,,,,,,,,,,,,,,,2866.175322,2900.547259,3081.398793,3172.282123,3322.528098,3524.127274,3655.73718,3611.350962,3652.175791,3870.749781,3979.662221,4000.893293,4138.843836,4204.739575,4458.007627,4658.916788,4676.023865,4819.841883,4904.228431,4882.252713,4960.774862,5162.186904,5349.765623,5756.230283,6324.921037,6716.613987,6842.777942,7062.883465,7412.028962,7419.741145,6320.599239
Post-demographic dividend,PST,"GNI per capita, PPP (current international $)",NY.GNP.PCAP.PP.CD,,,,,,,,,,,,,,,,,,,,,,,,,,,,,,,17816.03051,18514.39321,19147.10261,19618.31508,20511.18534,21354.18266,22320.07711,23401.26515,24273.11904,25331.06871,27023.22357,27996.45752,28893.15331,29806.2823,31480.15658,33066.94864,35325.31393,36840.51023,37555.20665,36620.13584,38165.13632,39735.80066,40961.38852,42362.45707,43645.12978,44696.94849,46052.24161,48028.63123,49988.92288,51475.67104,
French Polynesia,PYF,"GNI per capita, PPP (current international $)",NY.GNP.PCAP.PP.CD,,,,,,,,,,,,,,,,,,,,,,,,,,,,,,,,,,,,,,,,,,,,,,,,,,,,,,,,,,,,,
Qatar,QAT,"GNI per capita, PPP (current international $)",NY.GNP.PCAP.PP.CD,,,,,,,,,,,,,,,,,,,,,,,,,,,,,,,,,,,,,,,,,89190,95060,98680,100940,105810,95760,114330,116350,117680,110640,118390,128340,132440,131020,123250,90920,82490,91500,91250,91500,88070
Romania,ROU,"GNI per capita, PPP (current international $)",NY.GNP.PCAP.PP.CD,,,,,,,,,,,,,,,,,,,,,,,,,,,,,,,5250,4790,4490,4660,4960,5380,5680,5510,5480,5530,5810,6490,7090,7380,8610,9320,11160,12990,16410,16430,16790,17670,18540,19490,20560,21380,23950,26760,28710,31840,31410
Russian Federation,RUS,"GNI per capita, PPP (current international $)",NY.GNP.PCAP.PP.CD,,,,,,,,,,,,,,,,,,,,,,,,,,,,,,,8010,7840,6800,6350,5710,5570,5440,5580,5230,5680,6650,7260,7880,8970,10010,11540,14480,16280,19600,18760,19860,22130,23560,25170,24910,23420,23460,25230,27980,28260,27550
Rwanda,RWA,"GNI per capita, PPP (current international $)",NY.GNP.PCAP.PP.CD,,,,,,,,,,,,,,,,,,,,,,,,,,,,,,,550,570,660,660,350,500,550,600,610,600,630,670,750,770,830,930,1020,1100,1210,1270,1340,1440,1470,1520,1670,1770,1830,1910,2060,2240,2160
South Asia,SAS,"GNI per capita, PPP (current international $)",NY.GNP.PCAP.PP.CD,,,,,,,,,,,,,,,,,,,,,,,,,,,,,,,1231.59162,1267.881309,1342.287345,1404.612126,1490.293489,1595.179597,1702.466453,1761.837426,1843.611592,1979.296611,2061.649762,2163.650555,2240.666429,2406.960471,2616.961366,2854.570755,3116.62056,3387.741418,3507.363701,3724.840924,3984.147696,4223.549712,4542.639635,4722.50141,4897.184598,5104.51285,5375.616375,5727.573671,6169.481944,6462.569877,6058.269579
Saudi Arabia,SAU,"GNI per capita, PPP (current international $)",NY.GNP.PCAP.PP.CD,,,,,,,,,,,,,,,,,,,,,,,,,,,,,,,33310,37650,38540,38180,37710,38070,38390,38700,39860,38290,40070,39620,37930,41580,44900,47550,49050,50150,52960,50940,52220,56940,58220,56920,56940,49900,46590,48040,49210,49440,47790
Sudan,SDN,"GNI per capita, PPP (current international $)",NY.GNP.PCAP.PP.CD,,,,,,,,,,,,,,,,,,,,,,,,,,,,,,,1040,1050,1150,1230,1270,1340,1450,1600,1640,1650,1740,1850,1950,2060,2130,2290,2370,2760,2860,2960,3260,3430,3590,3510,4450,4320,4460,4270,4360,4140,3970
Senegal,SEN,"GNI per capita, PPP (current international $)",NY.GNP.PCAP.PP.CD,,,,,,,,,,,,,,,,,,,,,,,,,,,,,,,1510,1560,1580,1580,1560,1650,1690,1730,1810,1900,1970,2060,2030,2140,2250,2360,2430,2500,2580,2580,2630,2630,2690,2700,2780,2910,3000,3110,3300,3410,3400
Singapore,SGP,"GNI per capita, PPP (current international $)",NY.GNP.PCAP.PP.CD,,,,,,,,,,,,,,,,,,,,,,,,,,,,,,,23600,25170,27060,29450,33130,35380,36650,40100,38160,40460,43570,42850,44220,47460,51020,55400,62180,66820,65090,62720,74480,77300,78420,78530,81490,81040,83760,88090,88930,90320,86480
Solomon Islands,SLB,"GNI per capita, PPP (current international $)",NY.GNP.PCAP.PP.CD,,,,,,,,,,,,,,,,,,,,,,,,,,,,,,,1340,1410,1590,1670,1800,1960,1970,1930,1920,1850,1620,1500,1410,1500,1630,1730,1770,1800,1850,1880,2060,2160,2240,2460,2430,2400,2470,2610,2730,2740,2680
Sierra Leone,SLE,"GNI per capita, PPP (current international $)",NY.GNP.PCAP.PP.CD,,,,,,,,,,,,,,,,,,,,,,,,,,,,,,,690,750,600,660,620,630,670,640,630,630,670,620,770,820,860,890,930,1070,1150,1180,1150,1190,1450,1740,1750,1570,1420,1590,1580,1770,1670
El Salvador,SLV,"GNI per capita, PPP (current international $)",NY.GNP.PCAP.PP.CD,,,,,,,,,,,,,,,,,,,,,,,,,,,,,,,2840,2940,3200,3420,3630,3840,3890,4030,4150,4230,4350,4460,4550,4650,4790,5050,5440,5670,5930,5770,5950,6270,6270,6570,6900,7240,7620,7980,8320,8710,8050
San Marino,SMR,"GNI per capita, PPP (current international $)",NY.GNP.PCAP.PP.CD,,,,,,,,,,,,,,,,,,,,,,,,,,,,,,,,,,,,,,,,,,,,,,,,,,,,,,,,,,,,,
Somalia,SOM,"GNI per capita, PPP (current international $)",NY.GNP.PCAP.PP.CD,,,,,,,,,,,,,,,,,,,,,,,,,,,,,,,,,,,,,,,,,,,,,,,,,,,,,,680,730,820,860,860,880,900,870
Serbia,SRB,"GNI per capita, PPP (current international $)",NY.GNP.PCAP.PP.CD,,,,,,,,,,,,,,,,,,,,,,,,,,,,,,,,,,,,,,5720,6000,5540,6020,6490,7200,7590,8410,9070,10070,10870,12280,12360,12540,13220,13480,14060,14100,14240,14990,15540,16830,17910,18650
Sub-Saharan Africa (excluding high income),SSA,"GNI per capita, PPP (current international $)",NY.GNP.PCAP.PP.CD,,,,,,,,,,,,,,,,,,,,,,,,,,,,,,,1596.208636,1628.858076,1586.444401,1582.219928,1596.462746,1667.991195,1744.011072,1802.36146,1815.904184,1839.916376,1864.888173,1945.962852,2048.88633,2113.992766,2251.527174,2404.969597,2606.949754,2753.997705,2869.8657,2930.880483,3056.907088,3160.126717,3200.593573,3360.731673,3549.243779,3579.885258,3602.240601,3655.497966,3740.159425,3821.452494,3700.308291
South Sudan,SSD,"GNI per capita, PPP (current international $)",NY.GNP.PCAP.PP.CD,,,,,,,,,,,,,,,,,,,,,,,,,,,,,,,,,,,,,,,,,,,,,,,,,,,,1630,1460,1980,1280,1080,,,,,
Sub-Saharan Africa,SSF,"GNI per capita, PPP (current international $)",NY.GNP.PCAP.PP.CD,,,,,,,,,,,,,,,,,,,,,,,,,,,,,,,1597.163173,1629.860269,1587.553628,1583.408394,1597.651042,1669.108921,1745.188283,1803.702122,1817.330192,1841.34238,1866.312891,1947.377849,2050.170679,2115.234182,2252.828861,2406.406257,2608.530811,2755.600473,2871.375938,2932.366234,3058.48003,3161.725753,3202.242779,3362.43295,3551.022861,3581.67059,3604.102454,3657.466161,3742.217668,3823.552442,3702.09396
Small states,SST,"GNI per capita, PPP (current international $)",NY.GNP.PCAP.PP.CD,,,,,,,,,,,,,,,,,,,,,,,,,,,,,,,,,,,,,,,,,9815.168126,10327.94725,10790.64643,11384.95498,12229.65042,12936.9435,14912.59852,16431.15671,17587.6812,17291.26483,18352.79271,19837.44914,20992.11181,21508.73089,21475.07069,19107.69299,18707.19778,19980.78567,20383.34984,20809.95197,19355.00272
Sao Tome and Principe,STP,"GNI per capita, PPP (current international $)",NY.GNP.PCAP.PP.CD,,,,,,,,,,,,,,,,,,,,,,,,,,,,,,,,,,,,,,,,,,1770,1810,1950,2030,2200,2520,2620,2720,2730,2890,3010,2900,3350,3880,3820,3900,3940,4090,4160,4260
Suriname,SUR,"GNI per capita, PPP (current international $)",NY.GNP.PCAP.PP.CD,,,,,,,,,,,,,,,,,,,,,,,,,,,,,,,6600,6870,6940,6450,6740,6790,6860,7170,7340,7160,7340,7240,8020,8590,9430,10220,10980,11950,12630,12900,13230,13620,15170,16390,17030,17170,14290,16260,17560,17880,15000
Slovak Republic,SVK,"GNI per capita, PPP (current international $)",NY.GNP.PCAP.PP.CD,,,,,,,,,,,,,,,,,,,,,,,,,,,,,,,,,,,,8720,9470,10110,10640,10670,11340,12400,13280,13480,14630,16220,18360,20610,23320,22980,24690,25180,26510,27790,28670,29200,28890,29510,31070,31980,31290
Slovenia,SVN,"GNI per capita, PPP (current international $)",NY.GNP.PCAP.PP.CD,,,,,,,,,,,,,,,,,,,,,,,,,,,,,,,,,,,,13660,14310,15270,16030,17070,17970,18940,20060,20870,22420,23630,25360,26900,28830,27100,27480,28540,28590,29570,30590,30650,33080,35850,38290,40530,
Sweden,SWE,"GNI per capita, PPP (current international $)",NY.GNP.PCAP.PP.CD,,,,,,,,,,,,,,,,,,,,,,,,,,,,,,,19880,20040,19890,19710,21120,22410,23240,24150,25330,27430,29650,29960,31010,32320,34020,34710,38660,42080,43610,41250,43400,45520,46470,47350,48180,49500,50720,52850,54570,56670,56270
Eswatini,SWZ,"GNI per capita, PPP (current international $)",NY.GNP.PCAP.PP.CD,,,,,,,,,,,,,,,,,,,,,,,,,,,,,,,3700,3820,3950,3960,3860,4290,4600,4720,4620,4850,4810,5160,5110,5280,5710,6560,6770,7270,7320,7300,7380,7570,7730,8330,8420,8470,8240,7840,8130,8080,8380
Sint Maarten (Dutch part),SXM,"GNI per capita, PPP (current international $)",NY.GNP.PCAP.PP.CD,,,,,,,,,,,,,,,,,,,,,,,,,,,,,,,,,,,,,,,,,,,,,,,,,,31440,32950,36500,32540,32590,38380,37920,38220,37080,35390,,
Seychelles,SYC,"GNI per capita, PPP (current international $)",NY.GNP.PCAP.PP.CD,,,,,,,,,,,,,,,,,,,,,,,,,,,,,,,8650,9130,10040,10670,10690,10330,10980,12460,13220,13320,13540,13840,12820,12930,13940,15590,17200,17880,17210,17380,18350,19500,20350,21200,22430,22610,23720,25220,26680,27630,24310
Syrian Arab Republic,SYR,"GNI per capita, PPP (current international $)",NY.GNP.PCAP.PP.CD,,,,,,,,,,,,,,,,,,,,,,,,,,,,,,,,,,,,,,,,,,,,,,,,,,,,,,,,,,,,,
Turks and Caicos Islands,TCA,"GNI per capita, PPP (current international $)",NY.GNP.PCAP.PP.CD,,,,,,,,,,,,,,,,,,,,,,,,,,,,,,,,,,,,,,,,,,,,,,,,,,,,,,,22070,24140,26420,26620,28010,30060,
Chad,TCD,"GNI per capita, PPP (current international $)",NY.GNP.PCAP.PP.CD,,,,,,,,,,,,,,,,,,,,,,,,,,,,,,,690,760,810,660,730,740,740,760,810,780,760,830,870,840,1120,1310,1300,1370,1350,1570,1760,1750,1690,1500,1600,1760,1630,1570,1590,1620,1580
East Asia & Pacific (IDA & IBRD countries),TEA,"GNI per capita, PPP (current international $)",NY.GNP.PCAP.PP.CD,,,,,,,,,,,,,,,,,,,,,,,,,,,,,,,1435.288006,1574.738052,1750.935269,1957.288994,2186.528645,2396.155591,2624.645403,2818.387056,2829.853462,3000.425538,3269.182815,3536.736474,3847.357814,4221.483518,4681.254972,5213.459418,5916.473698,6764.617096,7433.595919,7934.957019,8736.262761,9558.178731,10398.52622,10944.34338,11535.01166,11824.75809,12349.71223,13046.40621,14074.15585,15086.89329,15251.86184
Europe & Central Asia (IDA & IBRD countries),TEC,"GNI per capita, PPP (current international $)",NY.GNP.PCAP.PP.CD,,,,,,,,,,,,,,,,,,,,,,,,,,,,,,,6769.368596,6608.365667,6157.721492,6017.933888,5584.490868,5671.606659,5801.729959,6059.178898,5656.782435,5851.525131,6495.867135,6897.053638,7387.686925,8026.263398,8956.451808,9943.401657,11691.22852,13037.48652,14882.86368,14474.90757,15476.57312,16966.5141,17941.30834,19214.62005,19701.20895,19537.08609,20056.24651,21361.21641,22742.04316,23285.69453,23135.77784
Togo,TGO,"GNI per capita, PPP (current international $)",NY.GNP.PCAP.PP.CD,,,,,,,,,,,,,,,,,,,,,,,,,,,,,,,820,820,790,670,740,810,890,1000,970,960,950,960,990,1050,1040,990,1020,1010,1050,1090,1140,1280,1230,1280,1340,1440,1970,2010,2120,2220,2230
Thailand,THA,"GNI per capita, PPP (current international $)",NY.GNP.PCAP.PP.CD,,,,,,,,,,,,,,,,,,,,,,,,,,,,,,,4260,4710,5120,5650,6170,6730,7120,6930,6330,6700,7160,7430,7890,8500,9190,9800,10610,11470,11800,11760,12640,13190,14190,14420,14680,15010,15840,16640,17630,18530,17730
Tajikistan,TJK,"GNI per capita, PPP (current international $)",NY.GNP.PCAP.PP.CD,,,,,,,,,,,,,,,,,,,,,,,,,,,,,,,2640,2480,1770,1490,1010,1000,800,860,910,940,1000,1100,1240,1360,1540,1960,2250,2540,2780,2640,2880,3180,3510,3980,4090,3730,3600,3730,4050,4330,4500
Turkmenistan,TKM,"GNI per capita, PPP (current international $)",NY.GNP.PCAP.PP.CD,,,,,,,,,,,,,,,,,,,,,,,,,,,,,,,,,,4470,3740,3410,3630,3270,3460,4000,4120,4420,4450,4680,4980,5420,6190,7210,8100,8460,8990,10200,10920,11630,12280,12890,13500,13620,14560,15600,
Latin America & the Caribbean (IDA & IBRD countries),TLA,"GNI per capita, PPP (current international $)",NY.GNP.PCAP.PP.CD,,,,,,,,,,,,,,,,,,,,,,,,,,,,,,,6057.411073,6421.492035,6658.583704,6842.916442,7157.660619,7320.835219,7577.356592,7980.931943,8097.138106,8067.186205,8490.146898,8598.09738,8611.062278,8817.477559,9419.38951,10026.80014,10985.44599,11816.3976,12440.14881,12236.73402,12957.98671,13826.09262,14117.26106,14633.2596,14953.77334,14784.2657,15017.19307,15633.511,16005.1374,16348.20087,15351.81707
Timor-Leste,TLS,"GNI per capita, PPP (current international $)",NY.GNP.PCAP.PP.CD,,,,,,,,,,,,,,,,,,,,,,,,,,,,,,,,,,,,,,,,,1780,1960,2220,1790,2060,2530,3840,5400,8350,6270,7410,9080,8700,7390,6270,5100,4230,4470,4490,4960,4490
Middle East & North Africa (IDA & IBRD countries),TMN,"GNI per capita, PPP (current international $)",NY.GNP.PCAP.PP.CD,,,,,,,,,,,,,,,,,,,,,,,,,,,,,,,4726.813279,5094.704726,5335.239014,5493.205037,5554.744898,5694.232642,6015.235892,6217.520078,6612.03,6868.103201,7370.444642,7617.413002,7809.742586,7944.409329,8660.300736,9057.609622,9741.752154,10515.6705,10986.362,11119.85381,11556.53474,11460.74009,11776.09232,11644.25348,11265.97932,10552.27118,10536.0545,10845.70254,10924.55409,10918.79613,10617.75764
Tonga,TON,"GNI per capita, PPP (current international $)",NY.GNP.PCAP.PP.CD,,,,,,,,,,,,,,,,,,,,,,,,,,,,,,,2280,2490,2530,2670,2970,3160,3280,3370,3540,3670,3700,3860,4150,4240,4250,4300,4480,4560,4840,4670,4760,5190,5380,5520,5680,5830,6230,6720,6960,6980,
South Asia (IDA & IBRD),TSA,"GNI per capita, PPP (current international $)",NY.GNP.PCAP.PP.CD,,,,,,,,,,,,,,,,,,,,,,,,,,,,,,,1231.59162,1267.881309,1342.287345,1404.612126,1490.293489,1595.179597,1702.466453,1761.837426,1843.611592,1979.296611,2061.649762,2163.650555,2240.666429,2406.960471,2616.961366,2854.570755,3116.62056,3387.741418,3507.363701,3724.840924,3984.147696,4223.549712,4542.639635,4722.50141,4897.184598,5104.51285,5375.616375,5727.573671,6169.481944,6462.569877,6058.269579
Sub-Saharan Africa (IDA & IBRD countries),TSS,"GNI per capita, PPP (current international $)",NY.GNP.PCAP.PP.CD,,,,,,,,,,,,,,,,,,,,,,,,,,,,,,,1597.163173,1629.860269,1587.553628,1583.408394,1597.651042,1669.108921,1745.188283,1803.702122,1817.330192,1841.34238,1866.312891,1947.377849,2050.170679,2115.234182,2252.828861,2406.406257,2608.530811,2755.600473,2871.375938,2932.366234,3058.48003,3161.725753,3202.242779,3362.43295,3551.022861,3581.67059,3604.102454,3657.466161,3742.217668,3823.552442,3702.09396
Trinidad and Tobago,TTO,"GNI per capita, PPP (current international $)",NY.GNP.PCAP.PP.CD,,,,,,,,,,,,,,,,,,,,,,,,,,,,,,,6510,6850,7680,7870,8170,8720,9320,10430,11510,12560,13430,14490,15950,18360,20910,22320,25850,27890,29280,27810,29040,27460,27390,28330,27850,26930,26030,26540,26120,26720,24800
Tunisia,TUN,"GNI per capita, PPP (current international $)",NY.GNP.PCAP.PP.CD,,,,,,,,,,,,,,,,,,,,,,,,,,,,,,,3500,3650,3920,3950,4110,4260,4550,4840,5090,5420,5720,6020,6150,6530,7060,7380,7980,8600,9010,9320,9680,9590,9790,9780,10070,9890,10070,10280,10640,10720,9990
Turkey,TUR,"GNI per capita, PPP (current international $)",NY.GNP.PCAP.PP.CD,,,,,,,,,,,,,,,,,,,,,,,,,,,,,,,8410,8620,9200,10020,9460,10230,10980,11820,9000,8650,9490,9050,9220,9520,10820,11880,13580,14830,16020,15430,17410,19630,20620,22240,23880,25460,26230,27550,27510,26860,27780
Tuvalu,TUV,"GNI per capita, PPP (current international $)",NY.GNP.PCAP.PP.CD,,,,,,,,,,,,,,,,,,,,,,,,,,,,,,,,,,,,,,,,,,4730,5840,4050,4460,4400,4410,5150,5120,5260,4690,4750,4050,5030,4420,5670,5640,5570,6080,6160,6430
Tanzania,TZA,"GNI per capita, PPP (current international $)",NY.GNP.PCAP.PP.CD,,,,,,,,,,,,,,,,,,,,,,,,,,,,,,,930,950,950,950,960,990,1040,1060,1090,1130,1180,1230,1320,1390,1490,1600,1730,1830,1920,1980,2050,2190,2070,2160,2210,2300,2420,2470,2620,2810,2760
Uganda,UGA,"GNI per capita, PPP (current international $)",NY.GNP.PCAP.PP.CD,,,,,,,,,,,,,,,,,,,,,,,,,,,,,,,660,700,710,770,810,900,970,1010,1040,1110,1120,1160,1250,1320,1390,1480,1640,1770,1910,1990,2050,2220,1970,1970,2040,2090,2050,2030,2110,2220,2260
Ukraine,UKR,"GNI per capita, PPP (current international $)",NY.GNP.PCAP.PP.CD,,,,,,,,,,,,,,,,,,,,,,,,,,,,,,,7470,7050,6350,5440,4370,3940,3640,3620,3600,3650,3980,4550,4930,5560,6460,6900,7650,8600,8980,7660,8120,8700,9190,10510,10620,10040,11040,12140,12960,13750,13260
Upper middle income,UMC,"GNI per capita, PPP (current international $)",NY.GNP.PCAP.PP.CD,,,,,,,,,,,,,,,,,,,,,,,,,,,,,,,3186.422462,3329.589326,3430.646992,3613.135859,3768.273007,3946.28894,4174.562134,4435.058097,4460.882077,4646.531686,5054.737606,5314.927665,5621.417116,6020.798649,6662.874213,7343.831625,8374.81593,9394.867797,10352.29671,10640.14486,11541.9276,12539.09473,13404.20153,14100.66471,14660.37637,14726.84711,15179.78957,16029.82985,17039.69101,17884.10802,17790.36101
Uruguay,URY,"GNI per capita, PPP (current international $)",NY.GNP.PCAP.PP.CD,,,,,,,,,,,,,,,,,,,,,,,,,,,,,,,6170,6640,7320,7650,8300,8310,8890,9800,10290,10250,10230,10030,9480,9290,10000,11250,12130,13250,14320,14960,16190,17390,16830,18110,18780,19290,21410,21730,22250,22810,21630
United States,USA,"GNI per capita, PPP (current international $)",NY.GNP.PCAP.PP.CD,,,,,,,,,,,,,,,,,,,,,,,,,,,,,,,23640,24100,25090,25910,27250,28450,29870,31500,33120,34720,36800,37700,38430,39740,42060,44560,47160,48280,48290,46940,48910,50820,53110,54330,56710,58290,59030,61410,64110,66060,
Uzbekistan,UZB,"GNI per capita, PPP (current international $)",NY.GNP.PCAP.PP.CD,,,,,,,,,,,,,,,,,,,,,,,,,,,,,,,,,2220,2170,2060,2050,2080,2170,2260,2360,2450,2570,2690,2840,3120,3410,3710,4310,4790,4970,5220,5600,5780,6050,6250,6450,6520,6650,7120,7400,7350
St. Vincent and the Grenadines,VCT,"GNI per capita, PPP (current international $)",NY.GNP.PCAP.PP.CD,,,,,,,,,,,,,,,,,,,,,,,,,,,,,,,3670,3710,4020,4390,4390,4830,5040,5260,5530,5690,5920,6210,6700,7250,7680,8130,9130,9800,10150,10170,9960,10110,10400,10850,10850,11360,12370,12190,12740,12910,12810
"Venezuela, RB",VEN,"GNI per capita, PPP (current international $)",NY.GNP.PCAP.PP.CD,,,,,,,,,,,,,,,,,,,,,,,,,,,,,,,9450,10520,10960,11010,10700,11200,11160,11790,11740,11130,11610,11980,10750,9960,11830,13450,15140,16930,17760,16900,16530,17090,,,,,,,,,
British Virgin Islands,VGB,"GNI per capita, PPP (current international $)",NY.GNP.PCAP.PP.CD,,,,,,,,,,,,,,,,,,,,,,,,,,,,,,,,,,,,,,,,,,,,,,,,,,,,,,,,,,,,,
Virgin Islands (U.S.),VIR,"GNI per capita, PPP (current international $)",NY.GNP.PCAP.PP.CD,,,,,,,,,,,,,,,,,,,,,,,,,,,,,,,,,,,,,,,,,,,,,,,,,,,,,,,,,,,,,
Vietnam,VNM,"GNI per capita, PPP (current international $)",NY.GNP.PCAP.PP.CD,,,,,,,,,,,,,,,,,,,,,,,,,,,,,,,860,930,1030,1120,1240,1380,1500,1630,1720,1820,2120,2280,2430,2620,2880,2910,3160,3420,3650,3450,4050,4330,4840,5130,5470,5790,6300,6650,7290,7890,8200
Vanuatu,VUT,"GNI per capita, PPP (current international $)",NY.GNP.PCAP.PP.CD,,,,,,,,,,,,,,,,,,,,,,,,,,,,,,,1670,1530,1520,1520,1620,1650,1740,1850,2030,2060,2120,2110,1930,1990,2060,2150,2400,2470,2710,2660,2670,2760,2670,2810,2890,2840,2900,3040,3190,3440,2880
World,WLD,"GNI per capita, PPP (current international $)",NY.GNP.PCAP.PP.CD,,,,,,,,,,,,,,,,,,,,,,,,,,,,,,,5473.185429,5688.248329,5859.16035,6023.644276,6255.098961,6505.98333,6799.51228,7102.056323,7244.94726,7497.163876,7968.348969,8250.729659,8523.490682,8880.334699,9488.410215,10092.2984,10959.46021,11696.94725,12206.57,12168.10747,12831.28028,13521.93714,14097.21363,14590.36123,15012.77402,15142.65217,15531.78873,16210.16062,16963.67576,17535.36505,
Samoa,WSM,"GNI per capita, PPP (current international $)",NY.GNP.PCAP.PP.CD,,,,,,,,,,,,,,,,,,,,,,,,,,,,,,,1690,1680,,,,,,,,,,,3720,3920,4210,4460,4680,5100,5210,5040,5200,5440,5290,5310,5350,5700,6180,6270,6230,6480,
Kosovo,XKX,"GNI per capita, PPP (current international $)",NY.GNP.PCAP.PP.CD,,,,,,,,,,,,,,,,,,,,,,,,,,,,,,,,,,,,,,,,,,,,,5540,6050,6490,7110,7560,7620,7900,8410,8730,9010,9230,9730,10190,10740,11340,12240,11650
"Yemen, Rep.",YEM,"GNI per capita, PPP (current international $)",NY.GNP.PCAP.PP.CD,,,,,,,,,,,,,,,,,,,,,,,,,,,,,,,2060,2090,2220,2260,2350,2370,2320,2400,2590,2550,2720,2840,2890,2930,3010,3190,3410,3520,3590,3750,3920,3350,3340,3520,,,,,,,
South Africa,ZAF,"GNI per capita, PPP (current international $)",NY.GNP.PCAP.PP.CD,,,,,,,,,,,,,,,,,,,,,,,,,,,,,,,6180,6240,6120,6200,6400,6590,6850,7020,7010,7170,7540,7740,8110,8380,8960,9600,10320,10870,11300,11150,11470,11860,11730,12120,12190,12240,12240,12320,12520,12640,11870
Zambia,ZMB,"GNI per capita, PPP (current international $)",NY.GNP.PCAP.PP.CD,,,,,,,,,,,,,,,,,,,,,,,,,,,,,,,1350,1320,1310,1430,1330,1360,1440,1480,1440,1510,1570,1660,1720,1840,1900,2020,2150,2280,2530,2850,2970,3160,3360,3430,3470,3360,3300,3330,3550,3560,3360
Zimbabwe,ZWE,"GNI per capita, PPP (current international $)",NY.GNP.PCAP.PP.CD,,,,,,,,,,,,,,,,,,,,,,,,,,,,,,,1740,1850,1680,1710,1870,1890,2110,2170,2220,2230,2190,2270,2110,1780,1710,1650,1620,1580,1290,1330,1610,1800,2070,2310,2360,2410,2560,3210,3370,3100,2850
