Country,2010,2011,2012,2013,2014,2015,2016,2017,2018,2019,2020
Afghanistan,-2.579152,-2.50206,-2.418561,-2.519349,-2.411068,-2.571222,-2.671054,-2.801084,-2.763864,-2.655531,-2.729808
Albania,-0.1914829,-0.2823794,-0.1436316,0.0919298,0.4859862,0.3461291,0.3446447,0.3784748,0.3705156,0.1111686,0.0839363
Algeria,-1.259368,-1.360561,-1.325043,-1.202371,-1.190535,-1.09016,-1.097526,-0.9157991,-0.8361196,-1.044343,-0.8601653
American Samoa,0.9191467,0.9339902,0.9529908,0.9289858,1.080683,1.181357,1.193236,1.218863,1.216776,1.172189,1.169803
Andorra,1.278272,1.302488,1.290351,1.283926,1.286593,1.391288,1.413419,1.421869,1.417627,1.602202,1.618512
Angola,-0.2261823,-0.3692378,-0.3893225,-0.3912335,-0.333232,-0.5008978,-0.3158988,-0.380449,-0.3356918,-0.358525,-0.520679
Anguilla,1.373762,1.550928,1.47692,1.53398,1.164255,1.249272,1.315344,1.389452,1.287406,1.355694,1.540881
Antigua and Barbuda,0.9049994,0.9575883,0.9757881,0.9588634,0.9845507,1.004725,0.8786072,0.748045,0.8408569,0.9535552,0.9338933
Argentina,-0.0847979,0.1589937,0.1030405,0.0653143,-0.0051219,0.0147854,0.2046255,0.1695043,0.0108914,-0.0914442,0.0364368
Armenia,0.0718553,-0.063869,0.154795,0.1103851,-0.2971358,-0.2523326,-0.6622638,-0.6207712,-0.4449081,-0.4134244,-0.5712944
Aruba,1.100847,1.285738,1.263882,1.312226,1.164568,1.230921,1.284199,1.335038,1.356553,1.349796,1.384053
Australia,0.8888599,0.9357101,0.9979972,1.031073,1.032192,0.8849798,1.047958,0.8960608,0.989604,0.9117457,0.8487522
Austria,1.152648,1.193522,1.340567,1.364101,1.2707,1.143079,0.9096388,1.046833,0.902334,0.9167479,0.851911
Azerbaijan,-0.2385469,-0.532136,-0.7157518,-0.4128599,-0.5599095,-0.7295656,-0.8038791,-0.7479199,-0.7067598,-0.6859124,-0.7252154
"Bahamas, The",0.9936922,1.103621,1.184026,1.134825,0.9564701,0.9074765,0.9754187,0.9895855,0.8628951,0.8162377,0.849964
Bahrain,-0.4934764,-0.9508419,-1.129955,-1.335418,-0.9074749,-1.07354,-0.7934257,-0.9615637,-0.8504526,-0.6273595,-0.5911913
Bangladesh,-1.425789,-1.404737,-1.379089,-1.627859,-0.8955632,-1.212018,-1.261937,-1.256081,-0.9956784,-0.9329753,-0.9173985
Barbados,1.060637,1.24613,1.185966,1.266929,1.27792,1.135361,0.9766099,0.9668277,0.9134325,1.049227,1.129196
Belarus,-0.0949901,-0.087769,0.0686152,0.0059592,0.1797822,0.1100165,0.1422815,-0.0534834,0.3480572,0.3323891,-0.7303549
Belgium,0.8106462,0.9545354,0.9235997,0.9400827,0.7012694,0.5870946,0.4413673,0.4281858,0.4023501,0.4737775,0.5905626
Belize,0.0704277,0.1519089,0.1802576,0.1761893,0.0485831,0.0430976,0.0606221,0.0357257,0.0031797,0.0630389,0.5117432
Benin,0.2612601,0.3183564,0.3643676,0.3011894,0.0271398,-0.013514,-0.0020272,0.0308955,-0.1411756,-0.412668,-0.4397532
Bermuda,0.9118381,0.9641221,0.9802537,0.9703031,0.9138978,0.983049,0.9996701,1.001911,1.152475,1.065074,1.014357
Bhutan,0.7422217,0.8264953,0.7763095,0.7846249,1.068039,0.974715,1.123297,1.11713,1.093906,1.082096,1.021578
Bolivia,-0.4154072,-0.4171265,-0.4580681,-0.3285934,-0.3331121,-0.2684872,-0.2488664,-0.2780288,-0.2871185,-0.7300857,-0.4676746
Bosnia and Herzegovina,-0.6937302,-0.8197949,-0.5381487,-0.4049441,-0.019179,-0.402437,-0.3978388,-0.3482373,-0.3955997,-0.4187543,-0.5145728
Botswana,0.9912098,1.064447,1.104041,1.102347,1.011847,1.042092,0.99456,1.022508,0.9709879,1.111055,1.088047
Brazil,0.0134759,-0.1325754,0.0459616,-0.2585533,-0.0702901,-0.3314581,-0.3772054,-0.4738646,-0.4404235,-0.7137882,-0.4216979
Brunei,1.277547,1.085194,0.9093272,1.074022,1.261507,1.242662,1.154172,1.160305,1.24136,1.108799,1.123706
Bulgaria,0.3600911,0.3017503,0.379834,0.1707104,0.0785409,0.0173222,0.0773333,0.3320499,0.4562779,0.578861,0.472481
Burkina Faso,-0.1176371,-0.5553815,-0.5731292,-0.7633901,-0.7871286,-0.6111074,-0.8673759,-0.9269773,-1.059287,-1.302387,-1.551598
Burundi,-1.625959,-1.8072,-1.704738,-1.350278,-0.7844071,-1.939511,-1.970721,-2.007869,-1.571772,-1.615159,-1.411315
Cabo Verde,0.8409728,0.7226052,0.8090864,0.7779999,0.3507791,0.8678104,0.8862156,0.7746384,0.8458232,0.8739426,0.8807942
Cambodia,-0.5009844,-0.3044197,-0.1035772,-0.1364361,0.0231748,0.0619423,0.2110379,0.091222,0.1030418,-0.0894939,-0.2358826
Cameroon,-0.7369714,-0.661688,-0.5885174,-0.5322373,-1.059252,-0.9896075,-1.062137,-1.095843,-1.404168,-1.559217,-1.527164
Canada,0.9363182,1.077176,1.113016,1.061422,1.175504,1.274698,1.256059,1.102063,0.9791259,1.016768,1.109246
Cayman Islands,1.149638,1.336361,0.9593844,1.017615,1.046347,1.153418,1.168496,1.190801,1.138934,1.433294,1.49174
Central African Republic,-2.020625,-1.789389,-1.852923,-2.154897,-2.699193,-1.904765,-1.789267,-2.006543,-2.183386,-2.138272,-2.178489
Chad,-1.524828,-1.318085,-1.044117,-1.089472,-1.568883,-0.9745526,-1.302365,-1.287528,-1.483272,-1.343743,-1.264458
Chile,0.6796045,0.4525534,0.3311021,0.3637425,0.4475169,0.4334392,0.4131105,0.4171355,0.4273602,0.0079297,0.0706187
China,-0.6570607,-0.6020548,-0.5387821,-0.5437899,-0.522584,-0.5502946,-0.499395,-0.2310181,-0.3000233,-0.2566892,-0.291068
Colombia,-1.537185,-1.284656,-1.40181,-1.291972,-1.114594,-1.069147,-0.8824593,-0.7727076,-0.7969317,-0.9495016,-0.6735995
Comoros,-0.5629393,-0.5527361,-0.452308,-0.2569292,-0.1869102,-0.2327915,0.0357599,0.0361181,-0.3462803,-0.1546992,-0.2917943
"Congo, Dem. Rep.",-2.196742,-2.212989,-2.085893,-2.192191,-2.167921,-2.150854,-2.234622,-2.302249,-2.105781,-1.593899,-1.708182
"Congo, Rep.",-0.3164158,-0.3543004,-0.4896899,-0.4750501,-0.3592916,-0.526366,-0.5192695,-0.531724,-0.3484042,-0.8969635,-0.8958732
Cook Islands,1.322361,..,..,..,..,..,..,..,0.8568977,1.064757,1.107087
Costa Rica,0.6915372,0.508276,0.6384025,0.677918,0.5774182,0.6820255,0.6614283,0.6088256,0.4694642,0.4522929,0.7615439
Cote d'Ivoire,-1.583894,-1.405808,-1.263461,-1.048724,-1.037161,-0.8325459,-0.9075593,-1.090237,-0.8986894,-1.026046,-0.9764128
Croatia,0.6084636,0.6237471,0.6068915,0.6426679,0.6191124,0.590728,0.6637695,0.6920319,0.8028065,0.6946999,0.6074048
Cuba,0.3492924,0.2803821,0.3072483,0.3705646,0.544822,0.6441017,0.6853639,0.6470563,0.6489246,0.6031231,0.5962209
Cyprus,0.4524448,0.6079845,0.6351261,0.5633472,0.5518821,0.5508665,0.6042547,0.5378655,0.491743,0.5573699,0.2918284
Czech Republic,0.9892337,1.109118,1.054106,1.084779,0.9899905,0.9791891,0.9761155,1.000036,1.031982,0.9438875,0.9244586
Denmark,1.040961,1.100293,0.9149107,0.9592335,0.9517797,0.8976498,0.8679155,0.8684149,0.9462506,0.9956252,0.9430326
Djibouti,0.2534813,0.1777032,0.1606192,-0.1021875,-0.7702323,-0.4435316,-0.6264004,-0.7368587,-0.1376155,-0.3511495,-0.3183765
Dominica,0.9031178,1.139159,0.9805855,1.119856,1.057178,1.077941,1.002438,1.198149,1.096157,1.067457,1.346246
Dominican Republic,-0.044954,-0.0004819,0.2523668,0.2074287,0.1459345,0.2367064,0.252106,0.1605885,0.0239203,0.0053069,0.1674334
Ecuador,-0.5866745,-0.6865575,-0.5703065,-0.1786567,-0.0185332,-0.1439559,-0.085358,-0.0748539,-0.0892777,-0.2329569,-0.3646331
"Egypt, Arab Rep.",-0.8984183,-1.437057,-1.43633,-1.638831,-1.631177,-1.496646,-1.437697,-1.424527,-1.180049,-1.114192,-1.207361
El Salvador,0.0588422,0.1110012,0.234584,-0.0336589,-0.02459,-0.0169974,-0.0992914,-0.2600434,-0.3876885,-0.1064181,-0.024204
Equatorial Guinea,0.2361282,0.1503438,0.2327034,0.1203552,-0.3741466,-0.2053524,-0.1408686,-0.1704531,-0.0923802,-0.1562198,-0.1922405
Eritrea,-0.8755928,-0.7664044,-0.7021973,-0.7723721,-0.8058726,-0.8767513,-0.6569121,-0.729676,-0.6058792,-0.6984926,-0.9844248
Estonia,0.661367,0.6110413,0.6364652,0.7482154,0.7802579,0.6209198,0.6739078,0.6497754,0.5873927,0.6332563,0.7101202
Eswatini,-0.0760727,-0.4797358,-0.4076923,-0.4319111,-0.5005597,-0.476151,-0.4887168,-0.2670258,-0.3734438,-0.2745529,-0.1187483
Ethiopia,-1.635101,-1.506964,-1.564271,-1.407307,-1.339387,-1.498187,-1.619813,-1.679859,-1.279617,-1.305073,-1.738457
Fiji,-0.1908275,-0.0712882,-0.0677748,-0.0510277,0.5531646,0.5803087,0.917815,0.619655,0.862233,0.7776704,0.7479544
Finland,1.423607,1.393471,1.400765,1.385172,1.282197,1.040587,0.9990865,1.080909,0.908359,0.8516567,0.9446252
France,0.6810876,0.6029928,0.5549415,0.4487441,0.3005685,0.1067064,-0.0953591,0.2790776,0.0291557,0.2993822,0.3125098
French Guiana,0.1917455,0.1930259,0.2150823,0.2182771,0.527634,0.5689548,0.5509571,0.4997613,0.5206324,0.2612188,0.3325475
Gabon,0.2992792,0.3848909,0.2932914,0.3301027,0.1495428,0.021187,-0.104911,-0.1030248,-0.2538044,-0.0742617,-0.0771416
"Gambia, The",0.065417,-0.0002706,-0.0007788,-0.0486364,-0.1514007,0.0195886,-0.4344123,-0.0840129,-0.074431,0.2247214,0.2453408
Georgia,-0.7183209,-0.656952,-0.680454,-0.4413662,-0.3215075,-0.4660819,-0.3132915,-0.3707961,-0.4415736,-0.4883826,-0.4307931
Germany,0.7968345,0.8422185,0.7756213,0.9279839,0.9251865,0.6998243,0.6813634,0.5877215,0.5912753,0.5743086,0.6710114
Ghana,0.0260932,0.1671121,0.130695,0.0606061,-0.106808,-0.0320993,-0.1309286,0.0918345,-0.0255168,0.1344119,0.1258658
Greece,-0.1272069,-0.0986952,-0.2172487,-0.1713417,-0.140446,-0.2302524,-0.1215992,-0.0735726,0.1659438,0.1817382,0.1251008
Greenland,1.645201,1.940006,1.934407,1.931953,1.924541,1.943138,1.965062,1.923353,1.929881,1.883894,1.913187
Grenada,0.51838,0.3601154,0.492649,0.4261743,0.7745689,0.7907085,1.018932,1.009161,0.9854752,0.9535552,1.034534
Guam,0.3958711,0.791546,0.7809176,0.7984855,0.7501333,0.8079031,0.6752751,0.699833,0.6994919,0.8925463,0.936887
Guatemala,-0.8529245,-0.7441414,-0.6338202,-0.6741562,-0.6555635,-0.6550602,-0.5425926,-0.6506749,-0.5383536,-0.5735922,-0.4291327
Guinea,-1.687079,-1.388054,-1.287012,-1.229852,-0.9552428,-0.3869883,-0.3938748,-0.7009969,-0.8840864,-0.8432462,-0.6370652
Guinea-Bissau,-0.6909543,-0.753626,-0.9652959,-0.8999276,-0.7064517,-0.5182164,-0.4426939,-0.4986393,-0.6855602,-0.5580111,-0.598215
Guyana,-0.4589657,-0.4342825,-0.4996141,-0.4566067,-0.1360976,-0.1396508,-0.0260627,-0.0430738,-0.1877606,-0.2464192,-0.1459536
Haiti,-0.9403154,-0.9901676,-0.7880927,-0.6310154,-0.6436273,-0.6708382,-0.7437881,-0.6744812,-0.6397613,-0.891515,-1.043329
Honduras,-0.4969096,-0.3904354,-0.3501156,-0.4386116,-0.534084,-0.4689144,-0.4333121,-0.5649181,-0.5307975,-0.5751516,-0.5446041
Hong Kong,0.9358106,0.9485961,1.006289,0.9228683,1.153229,1.046295,0.7508071,0.8294839,0.7835555,-0.222178,0.0922063
Hungary,0.6857837,0.7432541,0.6757948,0.7966461,0.6699048,0.7462977,0.6546786,0.806563,0.7471759,0.7721581,0.863838
Iceland,1.022254,1.24401,1.245032,1.287134,1.246975,1.308164,1.361624,1.348309,1.40639,1.639301,1.394177
India,-1.277984,-1.326795,-1.28931,-1.229174,-0.997912,-0.9484934,-0.9538398,-0.7648019,-0.9870132,-0.7708004,-0.8619818
Indonesia,-0.8539162,-0.7701142,-0.5932628,-0.5192646,-0.416824,-0.6150607,-0.3729524,-0.4979034,-0.5459081,-0.4934046,-0.5002089
"Iran, Islamic Rep.",-1.630592,-1.421768,-1.323926,-1.249687,-0.8749877,-0.9257017,-0.8130754,-0.934016,-1.347935,-1.706922,-1.667853
Iraq,-2.239267,-1.846984,-1.93405,-2.01139,-2.480338,-2.260352,-2.313588,-2.307103,-2.528422,-2.603781,-2.528343
Ireland,1.020165,0.9489989,0.9410727,0.9010757,1.052991,0.9084555,0.8478189,1.002435,1.021112,0.9663891,0.9751874
Israel,-1.341152,-1.201318,-1.078904,-1.101285,-1.039735,-1.094913,-0.7945364,-0.887956,-0.9116703,-0.7933716,-0.8282074
Italy,0.4739237,0.5012074,0.5082175,0.4954992,0.4581654,0.3759197,0.3694153,0.3068212,0.3423838,0.4043851,0.4400665
Jamaica,-0.4295415,-0.0629833,0.1205081,0.1823744,0.0244925,0.0964845,0.3076839,0.3092474,0.432927,0.3973095,0.2707812
Japan,0.8793532,0.995092,0.9484429,1.019142,0.9685974,1.065128,0.9829442,1.112167,1.049072,1.031847,1.038876
"Jersey, Channel Islands",..,1.480601,1.476132,1.485057,1.464952,1.52962,1.318669,1.273878,1.264784,1.280697,1.336372
Jordan,-0.3124925,-0.5135623,-0.5239776,-0.6063153,-0.5400255,-0.6057786,-0.4923984,-0.4516253,-0.3888326,-0.2619681,-0.3221407
Kazakhstan,0.5229718,-0.3385706,-0.408455,-0.4024739,0.0360182,-0.0350003,0.0084575,0.0288013,-0.0452636,-0.1684883,-0.2600716
Kenya,-1.165524,-1.244791,-1.323441,-1.166931,-1.282247,-1.244406,-1.354791,-1.131922,-1.184091,-1.101751,-1.003641
Kiribati,1.422732,1.302488,1.290351,1.283926,0.8018658,0.8435606,0.8732361,0.8814256,1.023675,1.128833,1.081049
"Korea, Dem. People's Rep.",-0.2965621,-0.2518262,-0.0128764,-0.4415541,-1.134743,-1.153405,-0.6807607,-0.5021606,-0.347793,-0.3175711,-0.3980415
South Korea,0.3258958,0.4124956,0.2671033,0.2785786,0.1085688,0.1610141,0.163469,0.385621,0.6370728,0.5512064,0.5591969
Kosovo,-1.044821,-1.042147,-1.038502,-0.9661466,-0.3407745,-0.199357,-0.282407,-0.2460999,-0.673299,-0.3316903,-0.3075437
Kuwait,0.4519888,0.3111027,0.2036062,0.1660556,0.1490065,-0.2134203,-0.0496832,-0.0458655,0.1015981,0.1926405,0.23795
Kyrgyz Republic,-1.039652,-1.098031,-0.9112514,-0.9117738,-0.8046157,-0.8824379,-0.6468619,-0.375253,-0.5388672,-0.2417716,-0.4277135
Lao PDR,-0.282063,-0.0580072,0.033739,0.0674439,0.498693,0.541362,0.5322913,0.3966877,0.4081254,0.5163149,0.6778482
Latvia,0.527854,0.3200021,0.4536267,0.5936353,0.4872684,0.4437472,0.4790692,0.4622171,0.4073735,0.4434652,0.4600297
Lebanon,-1.625015,-1.558288,-1.664812,-1.690353,-1.697941,-1.702587,-1.618973,-1.627562,-1.629085,-1.672521,-1.645608
Lesotho,0.4567754,0.3839408,0.2741991,0.3380743,-0.332812,-0.3084288,-0.2364652,-0.1866985,-0.1785933,-0.4215104,-0.334338
Liberia,-0.4685253,-0.4273703,-0.4844765,-0.4755071,-0.6154496,-0.8180257,-0.4374078,-0.333085,-0.2117113,-0.3314337,-0.3696544
Libya,0.0280884,-1.287379,-1.58696,-1.844077,-2.353407,-2.196628,-2.28333,-2.362226,-2.444217,-2.568074,-2.47725
Liechtenstein,1.544087,1.49058,1.3892,1.397172,1.458862,1.45784,1.477927,1.481363,1.475574,1.615636,1.698112
Lithuania,0.7152606,0.6712003,0.7862099,0.9645323,0.7421364,0.759794,0.82828,0.7757972,0.7410422,0.7798127,0.8669418
Luxembourg,1.461219,1.317427,1.331919,1.335248,1.378324,1.439398,1.419485,1.326013,1.362696,1.349191,1.233051
"Macao SAR, China",0.5735781,0.6077605,0.6287856,0.7577229,1.206169,1.202256,1.417062,1.430736,1.253313,1.238523,1.154982
Madagascar,-0.9783388,-0.7055859,-0.536137,-0.6599934,-0.5572358,-0.4273629,-0.2900946,-0.3012818,-0.5794187,-0.3206965,-0.4554836
Malawi,0.0438958,-0.0729127,-0.0026862,-0.2058098,0.0810932,0.0318961,-0.1134786,-0.251164,-0.4323802,-0.2801754,-0.2371846
Malaysia,0.1433521,0.0774098,-0.0052124,0.0517916,0.2666191,0.2589576,0.1368246,0.1164103,0.2515688,0.1438768,0.1216756
Maldives,-0.1662439,-0.2426302,-0.3651715,0.1250374,0.6790962,0.4206715,0.4209928,0.2320411,0.0897951,0.0320022,0.4120386
Mali,-0.1828992,-0.7083797,-2.034329,-1.722162,-1.713989,-1.685664,-1.617233,-1.906901,-2.088723,-2.201104,-2.147444
Malta,1.253456,1.063937,1.065075,1.042758,1.125497,1.063939,1.080441,1.249405,1.283979,1.024583,0.9510368
Marshall Islands,1.153066,1.061804,1.0264,1.054115,0.9895858,0.9194738,0.2077492,0.8745483,0.7296695,0.755262,0.5895172
Martinique,0.3958711,0.6189699,0.5815817,0.6266679,0.9138978,0.983049,0.9996701,1.001911,0.9761723,0.7732932,0.628841
Mauritania,-1.07617,-1.173679,-1.133992,-1.014761,-0.5895084,-0.6378012,-0.7469677,-0.6269363,-0.6292259,-0.5687606,-0.75134
Mauritius,0.6402588,0.9464994,0.9713124,0.9448017,0.6679659,0.9986154,1.013187,0.9711304,0.8687,0.8092755,0.8893682
Mexico,-0.7264634,-0.6677686,-0.6624542,-0.7142238,-0.8539188,-0.7986991,-0.6290694,-0.7974465,-0.648208,-0.8369034,-0.8500293
"Micronesia, Fed. Sts.",1.209317,1.101389,1.15087,1.102859,0.9845507,1.035154,1.057582,1.178782,1.168875,1.108845,1.075389
Moldova,-0.3813407,-0.0492937,0.0464905,0.0008086,-0.1589878,-0.3274402,-0.3035599,-0.3189894,-0.4044816,-0.3932399,-0.4173256
Monaco,0.9641737,1.042409,1.048162,1.056244,1.023348,0.9918019,1.014577,1.630338,1.608017,1.57937,0.87713
Mongolia,0.5970423,0.6065389,0.4711348,0.4913208,0.7919012,0.7163844,0.7977929,0.7889858,0.8336846,0.6343787,0.793758
Montenegro,0.584211,0.5653415,0.596563,0.5045955,0.2194553,0.1407977,0.2766306,-0.0577443,0.0442785,0.0676736,-0.0026279
Morocco,-0.3830133,-0.3922568,-0.4704588,-0.4930176,-0.4462656,-0.3414874,-0.3125735,-0.3739875,-0.3452106,-0.3398933,-0.326688
Mozambique,0.3944219,0.3320483,0.3904937,-0.2269665,-0.3360027,-0.5138951,-1.094005,-0.9286562,-0.8245641,-0.749242,-1.16108
Myanmar,-1.285928,-1.111098,-0.943675,-1.140372,-1.087581,-1.165067,-0.8046199,-1.084839,-1.268853,-1.328067,-1.513142
Namibia,0.84694,0.9116575,0.9781043,0.95881,0.6087406,0.7331128,0.7100897,0.6283516,0.6915024,0.5296495,0.6464528
Nauru,1.453984,1.061804,1.0264,1.054115,0.6013344,0.5437602,0.5790772,0.5188398,0.7876214,0.7728432,0.9350108
Nepal,-1.583971,-1.416444,-1.381232,-1.129146,-0.7245995,-0.9983346,-0.846812,-0.6106943,-0.5617288,-0.4538026,-0.1973841
Netherlands,0.9407501,1.113631,1.187465,1.143815,1.045115,0.9261193,0.9122675,0.9211125,0.8542672,0.8475496,0.8503547
Netherlands Antilles,0.9598802,1.205775,1.078248,0.6764035,..,..,..,..,..,..,..
New Zealand,1.236489,1.376731,1.361366,1.453927,1.467928,1.525453,1.519183,1.595223,1.533905,1.411302,1.486
Nicaragua,-0.4997092,-0.2697358,-0.3487776,-0.2492159,-0.0407801,-0.0866075,-0.0887977,-0.0488942,-0.9523925,-1.004794,-0.6496124
Niger,-1.160745,-0.8780045,-1.148131,-1.321799,-1.17584,-1.066546,-1.103307,-1.265764,-1.364558,-1.410087,-1.742846
Nigeria,-2.211123,-1.956455,-2.042074,-2.088478,-2.130276,-1.925443,-1.87771,-1.999155,-2.101823,-1.920183,-1.859349
Niue,1.322361,..,..,..,..,..,..,..,0.9891694,1.326901,1.350626
North Macedonia,-0.5185171,-0.6179638,-0.4926495,-0.4160764,0.2563829,-0.2870161,-0.3512047,-0.2543324,-0.2087288,0.0043563,0.0983495
Norway,1.332312,1.337977,1.32747,1.352092,1.119959,1.161716,1.200074,1.170479,1.141179,1.170565,1.248287
Oman,0.5902417,0.4324405,0.4620771,0.4595302,0.7349073,0.7833398,0.760053,0.7543823,0.6477199,0.5875344,0.3737737
Pakistan,-2.675933,-2.810035,-2.677004,-2.603302,-2.401279,-2.482708,-2.483173,-2.406306,-2.269401,-2.265187,-1.853356
Palau,1.453984,1.061804,1.0264,1.054115,0.9895858,0.9194738,0.9504054,0.8745483,0.8498075,0.8770632,0.8887936
Panama,-0.1160482,-0.0282189,-0.1794327,-0.1412609,0.2090082,0.3860773,0.4114301,0.389817,0.2609004,0.3036199,0.2297324
Papua New Guinea,-0.8084438,-0.7546774,-0.5904424,-0.5202469,-0.3393671,-0.4221483,-0.5047721,-0.6978666,-0.6772177,-0.6973711,-0.7393168
Paraguay,-0.8348622,-0.6925966,-0.8719022,-0.7358616,-0.0886275,0.038498,0.1417897,0.001771,-0.0797712,-0.0103485,0.0151681
Peru,-0.9999154,-0.7607497,-0.9073647,-0.8057398,-0.5506569,-0.3975714,-0.2017269,-0.2595458,-0.2704434,-0.152365,-0.2868988
Philippines,-1.65076,-1.392182,-1.18824,-1.084253,-0.7138209,-0.8556625,-1.379819,-1.18508,-1.092062,-0.9151124,-0.7937949
Poland,1.01733,1.072063,1.049479,0.973355,0.8429408,0.8748524,0.507242,0.5183783,0.4925416,0.5636535,0.5743839
Portugal,0.717687,0.7417393,0.7752726,0.7487634,0.8062744,0.9178401,0.9740514,1.118587,1.129285,1.066231,1.026339
Puerto Rico,0.3569765,0.600149,0.5849734,0.2491559,0.8199927,0.8551208,0.689354,0.4847353,0.2777765,0.1380345,0.4316497
Qatar,1.153856,1.174731,1.223599,1.212546,0.9774578,0.9966304,0.9002346,0.6611612,0.6635707,0.7001042,0.6707044
Reunion,0.3958711,0.416657,0.4318848,0.4238212,0.2570441,0.2859343,0.3168583,0.3198934,0.2596771,0.2390863,0.2291354
Romania,0.2736004,0.1860907,0.0823416,0.1791331,0.0491361,0.1891144,0.2771966,0.0564023,0.0468848,0.5617022,0.5892175
Russian Federation,-0.9294587,-0.9982621,-0.8177127,-0.7360936,-0.9436175,-1.029335,-0.9462103,-0.6406305,-0.541189,-0.5573844,-0.7314647
Rwanda,-0.2720939,-0.1771178,-0.2306152,-0.1109516,-0.3134696,0.0132411,-0.0548993,0.0880958,0.1104013,0.0642397,0.0325207
Samoa,0.7656919,0.988591,0.9992402,0.9890079,1.121905,1.183974,1.197349,1.178782,1.167804,1.157789,1.155737
San Marino,1.453984,1.061804,1.0264,1.054115,0.9895858,0.9194738,0.9504054,0.8745483,0.8498075,0.8984475,0.87713
Sao Tome and Principe,0.1154429,0.0078264,0.0133354,0.1118407,0.184183,0.1440426,0.2232869,0.1860471,0.522385,0.51391,0.4817928
Saudi Arabia,-0.226727,-0.4647996,-0.4806882,-0.4317841,-0.2858447,-0.626399,-0.4648285,-0.6378249,-0.6224066,-0.6058908,-0.6610959
Senegal,-0.417925,-0.2806022,-0.108322,-0.0607228,-0.1982231,-0.1166648,-0.2182553,-0.0505368,-0.101474,0.0465478,-0.0207329
Serbia,-0.4217417,-0.2828821,-0.2172995,-0.0756381,0.1841108,0.238982,0.1401536,0.0868554,0.0089511,-0.0659501,-0.0928664
Seychelles,0.8567662,0.9377541,0.7442663,0.8255889,0.3616324,0.6887798,0.7330045,0.7933625,0.6875581,0.6827319,0.7166618
Sierra Leone,-0.2366454,-0.1684449,-0.2799453,-0.1747183,-0.1040397,-0.1025168,-0.1599265,-0.0358612,-0.0852979,-0.0528448,-0.2436621
Singapore,1.169415,1.191422,1.368175,1.378178,1.186271,1.311753,1.495759,1.61567,1.487936,1.500786,1.465074
Slovak Republic,1.053317,0.9747573,1.088401,1.119518,1.039121,0.8745452,0.7211707,0.9099894,0.7434435,0.6671577,0.6392572
Slovenia,0.8665088,0.9692097,0.9351107,0.8822517,0.9657734,0.9533927,0.990436,0.8733998,0.9011371,0.8074292,0.7064864
Solomon Islands,0.3432938,0.3075584,0.1873163,0.3003827,0.4702248,0.6609848,0.5060284,0.1990407,0.3645273,0.5082222,0.6357331
Somalia,-3.130971,-3.083847,-2.860755,-2.758687,-2.515828,-2.380828,-2.357363,-2.259042,-2.260305,-2.386645,-2.518731
South Africa,-0.029427,0.0240316,-0.0253867,-0.0462945,-0.146389,-0.2129929,-0.141504,-0.2775617,-0.2277793,-0.2676704,-0.2368584
South Sudan,..,-1.430328,-1.156583,-1.730329,-2.646577,-2.375689,-2.418966,-2.452472,-2.442854,-2.511948,-2.168307
Spain,-0.3180437,0.0211045,-0.0295164,0.0120178,0.2431217,0.2514912,0.4131883,0.2828842,0.287804,0.3106858,0.3952676
Sri Lanka,-0.9429469,-0.7247714,-0.7170792,-0.6128954,-0.330464,0.0903681,-0.0040295,-0.0711655,-0.1452709,-0.2176228,-0.0465375
St. Kitts and Nevis,1.036112,0.9575883,0.9757881,0.9588634,0.5724882,0.5823264,0.6263307,0.6470767,0.6962385,0.7239246,0.9338933
St. Lucia,0.7902755,0.8490784,0.8937057,0.8533577,0.8164504,0.8536908,1.018932,0.9894348,1.006895,0.9132686,0.8724012
St. Vincent and the Grenadines,0.7902755,0.8490784,0.9288839,0.8533577,0.8164504,1.004725,1.018932,0.8884665,0.8408569,0.9535552,1.034534
Sudan,-2.665278,-2.522917,-2.260563,-2.19301,-2.363085,-2.162183,-2.337218,-1.97747,-1.823437,-1.701787,-1.763156
Suriname,0.0824755,0.1199753,0.0793255,0.1327792,0.2492708,0.2566883,0.1620813,0.1266813,0.0650854,0.1014941,0.4155418
Sweden,1.09417,1.230688,1.170597,1.127778,1.065415,0.9471064,1.017941,0.9844168,0.9405567,1.039473,1.022893
Switzerland,1.258594,1.300342,1.418336,1.40114,1.402653,1.339359,1.30629,1.256805,1.333553,1.324953,1.191969
Syrian Arab Republic,-0.8057897,-2.012107,-2.682274,-2.681143,-2.748824,-2.974081,-2.916323,-2.620819,-2.743687,-2.729881,-2.731418
"Taiwan, China",0.85661,0.9467747,0.8913848,0.8731343,0.7664131,0.9204997,0.9256644,0.8647215,0.8462771,0.7884589,0.7660569
Tajikistan,-1.034538,-1.023234,-1.24086,-1.182374,-0.6933408,-0.8826423,-0.7777599,-0.6735291,-0.7474654,-0.5208747,-0.5178772
Tanzania,0.0144716,-0.0241335,0.0514543,-0.1621208,-0.5971186,-0.4161943,-0.4409948,-0.5619287,-0.570935,-0.3735242,-0.4095079
Thailand,-1.442788,-1.133534,-1.216631,-1.311683,-0.9063863,-0.9944293,-0.9885814,-0.7528449,-0.7996719,-0.4836834,-0.6245449
Timor-Leste,-0.4675145,-0.4623524,-0.2848311,-0.3846802,-0.1796949,-0.2718863,-0.0105038,0.0715113,0.2340893,0.2336398,0.177466
Togo,-0.1793484,-0.1625985,-0.3864578,-0.3537108,-0.1671269,-0.2313481,-0.1723536,-0.882036,-0.8939125,-0.9195643,-0.9249914
Tonga,0.6897031,0.9377981,0.8945144,0.9354464,0.8471965,0.8863344,0.917815,0.7902956,0.8651862,1.032307,1.019067
Trinidad and Tobago,-0.0508232,0.1410804,0.1042776,0.0936861,0.2478643,0.2861143,0.286352,0.2765044,0.2376814,0.1008337,0.1775635
Tunisia,-0.0639764,-0.3537418,-0.7213169,-0.9025633,-0.8516615,-0.9603872,-1.141327,-1.024682,-0.8688817,-0.8699231,-0.6339517
Turkey,-0.9152855,-0.9599971,-1.220532,-1.249933,-1.086036,-1.493914,-2.009063,-1.788514,-1.318893,-1.371728,-1.18776
Turkmenistan,0.3341056,0.2341291,0.4280879,0.2490955,0.074206,-0.0877989,-0.1896925,-0.1259023,-0.0128366,-0.1852784,-0.2890817
Tuvalu,1.422732,1.302488,1.290351,1.283926,1.299327,1.391288,1.413419,1.241721,1.417627,1.196917,1.182583
Uganda,-1.000558,-0.9761018,-0.8689665,-0.8386906,-0.9411262,-0.8045017,-0.7153227,-0.5716293,-0.7025623,-0.6912174,-0.7804492
Ukraine,0.0131317,-0.0704315,-0.0922749,-0.777285,-2.020833,-1.9618,-1.85648,-1.870538,-1.869737,-1.423576,-1.164059
United Arab Emirates,0.8017579,0.9121757,0.8632514,0.8947922,0.7689089,0.7595454,0.5647489,0.6186414,0.7049762,0.6856085,0.6264683
United Kingdom,0.4118182,0.3517076,0.4022707,0.4862014,0.4153476,0.5177479,0.3604541,0.3861579,0.0797425,0.5397319,0.4743571
United States,0.4384039,0.5912473,0.6324421,0.6430726,0.5824196,0.6780624,0.4023029,0.2918175,0.4214178,0.1349753,-0.0220327
Uruguay,0.824986,0.9570969,0.7091678,0.8047382,0.9918796,1.004238,1.06258,1.05078,1.034957,1.038879,1.050673
Uzbekistan,-0.7204381,-0.5997193,-0.5187393,-0.536079,-0.2731086,-0.3730364,-0.2725707,-0.2378505,-0.2958072,-0.2848197,-0.4365745
Vanuatu,1.27523,1.109437,1.201701,1.160387,0.6360453,0.4784089,0.5131139,0.701278,0.9404865,1.021924,0.8966386
"Venezuela, RB",-1.256237,-1.094046,-1.027133,-1.077632,-0.8520022,-0.9771809,-1.024604,-1.272082,-1.351146,-1.536778,-1.517866
Vietnam,0.1484079,0.1890884,0.2673587,0.2505773,-0.0223474,0.0699705,0.2335919,0.2302038,0.0585088,0.0254956,-0.0734304
Virgin Islands (U.S.),0.3390581,0.8606231,0.6795762,0.8467092,1.164255,1.249272,0.9996701,1.001911,0.9761723,1.065074,1.014357
West Bank and Gaza,-1.973575,-1.93562,-1.956032,-1.778823,-1.985011,-2.160502,-1.976399,-1.659977,-1.816336,-1.89529,-2.047813
"Yemen, Rep.",-2.423716,-2.426796,-2.430663,-2.374828,-2.665575,-2.680222,-2.794877,-2.942443,-3.005906,-2.77083,-2.671682
Zambia,0.5153514,0.5097738,0.6609625,0.4359333,0.156212,0.1516949,0.142808,0.1462433,0.0856044,-0.1138469,-0.1281891
Zimbabwe,-1.104014,-0.9453285,-0.778662,-0.6659498,-0.7135702,-0.6181563,-0.6199379,-0.7087693,-0.7227737,-0.9597493,-1.080208